Narin,Pronunciation,Part of speech,English
ab,/ab/,num.,one
abacud,/abaˈkud/,adj.,nervous; anxious
abacudik,/aˌbakuˈdik/,n.,anxiety
abak,/aˈbak/,v.,serve; provide
abake,/abaˈke/,n.,service
abasbem,/abasˈbem/,n.,news
abbanik,/abbaˈnik/,v.,struggle
abbimop,/abbiˈmop/,n.,bead
abbin,/abˈbin/,v.,tease
abcul,/abˈkul/,n.,biscuit
abdalap,/abdaˈlap/,v.,bake
abdeuk,/abdeˈuk/,v.,sell
abdeuk,/abdeˈuk/,n.,sale
abdumran,/abduˈmran/,adj.,volatile
abegral,/abeˈgral/,n.,period (duration of time)
abganuv,/abgaˈnuv/,v.,touch; feel (sense by touch)
abgo,/abˈgo/,n.,lesbian
abibus,/abiˈbus/,v.,whisper
abip,/aˈbip/,v.,evoke
abisav,/abiˈsav/,n.,loser
abkebom,/abkeˈbom/,n.,bat (winged mammal)
abki,/abˈki/,n.,trousers; pants
abobet,/aboˈbet/,n.,lecture; sermon
aboq,/aˈboq/,n.,sky; space (beyond Earth); darling
abosgu,/abosˈgu/,v.,glow; radiate; sweat
abotve,/abotˈve/,v.,define
abpal,/abˈpal/,n.,pin
abpe,/abˈpe/,v.,agree; compromise
abpem,/abˈpem/,v.,operate; perform; treat
abpeme,/abpeˈme/,n.,treatment
abpeq,/abˈpeq/,n.,agreement
abpu,/abˈpu/,n.,rank (position)
abqa,/abˈqa/,conj.,since
abqi,/abˈqi/,n.,bastard
absan,/abˈsan/,n.,hawk
absidu,/absiˈdu/,n.,dash
abso,/abˈso/,adj.,bankrupt; broke
absu,/abˈsu/,adj.,dark
absuik,/absuˈik/,n.,darkness
abtanra,/abtaˈnra/,n.,breed
abtu,/abˈtu/,n.,nation
abtuak,/abtuˈak/,adj.,national
abuw,/aˈbuw/,n.,second (time)
abwonga,/abwonˈga/,n.,champion
acacri,/akaˈkri/,n.,goose
acag,/aˈkag/,n.,bottom (lowest part)
acaqken,/akaqˈken/,n.,spinach
acbadu,/akbaˈdu/,v.,dial
acbida,/akbiˈda/,n.,flavor
acbontu,/akbonˈtu/,v.,affiliate
acboup,/akboˈup/,v.,lose
acboupe,/akˌbouˈpe/,n.,loss
ackaer,/akkaˈer/,adj.,serious; sincere; severe; earnest; sober
ackalco,/akkalˈko/,n.,nature; environment (natural world); habit; essence
ackalcoak,/akˌkalkoˈak/,adj.,natural
ackaven,/akkaˈven/,v.,confine
acki,/akˈki/,adj.,awful; terrible
acob,/aˈkob/,v.,mention
acod,/aˈkod/,n.,rain; shower
acodre,/akoˈdre/,v.,invade
acotat,/akoˈtat/,n.,bed; mattress
acqelpa,/akqelˈpa/,n.,age
acramde,/akramˈde/,n.,information
acre,/aˈkre/,v.,surrender; give up
actem,/akˈtem/,n.,rag
acteta,/akteˈta/,v.,warn; alert
acucdu,/akukˈdu/,n.,wedding
acvu,/akˈvu/,n.,carrot
ad,/ad/,v.,hold
adagaq,/adaˈgaq/,n.,berry
adbulvel,/adbulˈvel/,n.,character; persona
addilab,/addiˈlab/,adj.,sore
addo,/adˈdo/,n.,wrinkle; crease; kink (sharp twist)
adeviq,/adeˈviq/,v.,rally
adgelke,/adgelˈke/,n.,taxi; cab
adiw,/aˈdiw/,n.,sausage
adkelbun,/adkelˈbun/,v.,adapt
adkidim,/adkiˈdim/,v.,miss (long for)
adotco,/adotˈko/,n.,stomach; gut; belly
adpa,/adˈpa/,n.,margin
adqi,/adˈqi/,v.,tread; step on
adqopal,/adqoˈpal/,v.,skip
adra,/aˈdra/,n.,pottery
adtosem,/adtoˈsem/,n.,male
adtowe,/adtoˈwe/,adj.,casual
adubbu,/adubˈbu/,n.,business
adva,/adˈva/,n.,brick
ag,/ag/,num.,six
agbom,/agˈbom/,n.,olive
agcanbam,/agkanˈbam/,n.,spy
agdado,/agdaˈdo/,n.,violin
agdegu,/agdeˈgu/,n.,propaganda
agectu,/agekˈtu/,v.,delay; postpone
agib,/aˈgib/,n.,pandemic
agkiwa,/agkiˈwa/,v.,enrich
agsobil,/agsoˈbil/,n.,summary
agto,/agˈto/,n.,bell
agvam,/agˈvam/,n.,dam
agvu,/agˈvu/,n.,image; appearance (looks)
ak,/ak/,det.,no
akid,/aˈkid/,v.,compete
akip,/aˈkip/,v.,cough
akis,/aˈkis/,n.,uncle
aksitim,/aksiˈtim/,n.,shame; stigma
ap,/ap/,prep.,with (accompanied by); with (using)
apab,/aˈpab/,v.,irrigate
apak,/aˈpak/,n.,tree; wood; pole; shrub; stick; beam
aparpe,/aparˈpe/,n.,thread; strand
apbiuw,/apbiˈuw/,n.,temple; church
apbuow,/apbuˈow/,n.,wall; barrier
apco,/apˈko/,n.,tour
aped,/aˈped/,n.,knee
apgaed,/apgaˈed/,n.,wealth
apgaedik,/apˌgaeˈdik/,adj.,rich
apgim,/apˈgim/,n.,strategy (plan); tactic
apipbu,/apipˈbu/,n.,clock
apkin,/apˈkin/,n.,moon
apovcu,/apovˈku/,n.,stay
appoqel,/appoˈqel/,v.,peel
apqara,/apqaˈra/,v.,vote; elect
apqaraq,/apqaˈraq/,n.,election
apqolbam,/apqolˈbam/,n.,day; date; light
apsil,/apˈsil/,adj.,intricate
aptumgul,/aptumˈgul/,v.,could
apub,/aˈpub/,adj.,permanent
apva,/apˈva/,v.,enlist
apvanak,/apvaˈnak/,v.,trust
apvenra,/apveˈnra/,v.,defecate
apvere,/apveˈre/,v.,brag
apvin,/apˈvin/,v.,evaporate
aq,/aq/,adv.,also; as well
aqab,/aˈqab/,n.,lettuce
aqabca,/aqabˈka/,n.,screen; umbrella
aqag,/aˈqag/,n.,storm; turmoil; chaos
aqbecul,/aqbeˈkul/,n.,experiment
aqbelri,/aqbeˈlri/,n.,leisure; recreation
aqbilbe,/aqbilˈbe/,v.,depart
aqcakim,/aqkaˈkim/,n.,skeleton; hull
aqdoda,/aqdoˈda/,n.,badge
aqgouv,/aqgoˈuv/,adj.,sweet
aqiqet,/aqiˈqet/,n.,canopy; umbrella
aqiqis,/aqiˈqis/,adj.,lazy
aqiw,/aˈqiw/,v.,come; go; arrive; happen; occur
aqkivol,/aqkiˈvol/,v.,roast
aqob,/aˈqob/,n.,beak
aqpoib,/aqpoˈib/,n.,spark
aqqite,/aqqiˈte/,v.,publish
aqroral,/aqroˈral/,n.,strength
aqseki,/aqseˈki/,n.,apple
aqseki baovdal,/aqseˈki baovˈdal/,n.,potato
aqsim,/aqˈsim/,n.,gum
aqubgu,/aqubˈgu/,n.,wedge
aquenat,/akweˈnat/,n.,father
aquenus,/akweˈnus/,n.,rifle
aqui,/aˈkwi/,n.,heat
aquiik,/akwiˈik/,adj.,hot
aqvi,/aqˈvi/,n.,discourse; rhetoric
aqvocon,/aqvoˈkon/,n.,steam
aqvu,/aqˈvu/,n.,thief
aqwamke,/aqwamˈke/,n.,sauce
ar,/ar/,v.,tear; rip
arbeav,/arbeˈav/,n.,floor; bottom (lowest part)
arbi,/arˈbi/,n.,plug
arca,/arˈka/,adj.,external
arcamgon,/arkamˈgon/,n.,sentence
arebba,/arebˈba/,adj.,extinct
areqta,/areqˈta/,n.,city; metropolis
areqta apbuow,/areqˈta apbuˈow/,n.,citadel
areqtaik,/aˌreqtaˈik/,adj.,urban
argangun,/arganˈgun/,n.,plan; tactic
argangunup,/arˌganguˈnup/,v.,plan
arguldu,/argulˈdu/,n.,wire; thread
arpitel,/arpiˈtel/,v.,crumble; dissolve
arrungan,/arrunˈgan/,v.,sway; convince; rock (move back and forth)
arub,/aˈrub/,v.,ignite; light; shine
arube,/aruˈbe/,adj.,shiny
arubik,/aruˈbik/,adj.,bright
as,/as/,det.,whose
asba,/asˈba/,n.,smoke; steam; gas
asbul,/asˈbul/,n.,train
asbul qias,/asˈbul qiˈas/,n.,metro
asda,/asˈda/,v.,flick
asictun,/asikˈtun/,n.,task; chore
asir,/aˈsir/,n.,angel
asitra,/asiˈtra/,n.,sorrow
aspam,/asˈpam/,n.,north
aspu,/asˈpu/,n.,coin
aspuip,/aspuˈip/,n.,draft
asra,/aˈsra/,n.,absence
asraik,/asraˈik/,adj.,absent
asrom,/aˈsrom/,adj.,innocent; wholesome
assom,/asˈsom/,n.,state (condition); condition (state)
astambem,/astamˈbem/,adj.,automatic
astipo,/astiˈpo/,n.,wolf
atag,/aˈtag/,v.,quit; give up
ataqdi,/ataqˈdi/,n.,detail
atbelbe,/atbelˈbe/,n.,pick
atcam,/atˈkam/,v.,cause; induce; provoke
atcam,/atˈkam/,n.,cause
atcu,/atˈku/,n.,trail
atecten,/atekˈten/,n.,plane
atob,/aˈtob/,v.,visit; attend; show up
atogvin,/atogˈvin/,v.,hunt
atpa,/atˈpa/,prep.,in; within
atqe,/atˈqe/,n.,collar
atri,/aˈtri/,adj.,huge
atsa,/atˈsa/,adj.,blunt
atsiluw,/atsiˈluw/,v.,spit; hiss
atsul,/atˈsul/,n.,friend; acquaintance
atsulik,/atsuˈlik/,adj.,friendly
attu,/atˈtu/,n.,crumb
av,/av/,n.,art
avad,/aˈvad/,n.,tense
avadtil,/avadˈtil/,n.,tap (faucet)
avda,/avˈda/,v.,steal; rob
avdegu,/avdeˈgu/,adv.,most
avgel,/avˈgel/,n.,criteria
avgo,/avˈgo/,n.,drain
avobtu,/avobˈtu/,v.,exaggerate
avocven,/avokˈven/,adj.,famous
avop,/aˈvop/,n.,child (young human being); child (son or daughter of any age)
avpe,/avˈpe/,v.,connect; attach; combine; bond; attribute
avpelgim,/avpelˈgim/,n.,shrimp
avpi,/avˈpi/,n.,seat; buttocks
avpimvan,/avpimˈvan/,v.,nap
avrebom,/avreˈbom/,n.,festival
avtidem,/avtiˈdem/,n.,pig; pork
avvuwo,/avvuˈwo/,n.,magnet
avwe,/aˈvwe/,n.,critique
avweup,/avweˈup/,v.,criticize
awabto,/awabˈto/,n.,frog
awabto woba,/awabˈto woˈba/,n.,turtle
awbanba,/awbanˈba/,v.,dodge
awdalov,/awdaˈlov/,n.,mood
awet,/aˈwet/,n.,pearl
awgul,/awˈgul/,v.,call (cry out)
awkil,/awˈkil/,v.,pave
awkilow,/awkiˈlow/,n.,bathroom
awse,/awˈse/,n.,vase; urn
awsi,/awˈsi/,v.,possess
awsibil,/awsiˈbil/,n.,abdomen
awto,/awˈto/,v.,search; look up
awvi,/awˈvi/,v.,care
awvi,/awˈvi/,n.,care
awviw,/awˈviw/,adj.,careful
ba,/ba/,num.,eight
babacam,/babaˈkam/,prep.,throughout
babal,/baˈbal/,n.,stripe
babalwam,/babaˈlwam/,conj.,although; though
babe,/baˈbe/,v.,mimic; mock
babiav,/babiˈav/,n.,side
babiaw,/babiˈaw/,n.,ghost; spirit; soul
babu,/baˈbu/,n.,shelter
babunod,/babuˈnod/,conj.,either
babusa,/babuˈsa/,n.,text; prose
babuse,/babuˈse/,n.,slope; slant; bank (river)
baca,/baˈka/,v.,raise
bacumren,/bakuˈmren/,v.,put (place); install
badaek,/badaˈek/,n.,caterpillar
badalwal,/badaˈlwal/,n.,universe
baeggi,/baegˈgi/,n.,whore
baepbi,/baepˈbi/,n.,membrane
baibven,/baibˈven/,n.,princess
baip,/baˈip/,adj.,convenient
baitik,/baiˈtik/,v.,insult; mock
bakelwum,/bakeˈlwum/,adj.,early
bal,/bal/,n.,condition (requirement; stipulation)
balben,/balˈben/,v.,desire; crave
balcaik,/balkaˈik/,n.,option
balcom,/balˈkom/,n.,girl; woman; female
baletpa,/baletˈpa/,v.,disrupt; interrupt
balki,/balˈki/,adv.,never
balqa,/balˈqa/,n.,jersey; sweater
balsompo,/balsomˈpo/,v.,survive
baltam,/balˈtam/,n.,chalk
baltan,/balˈtan/,v.,distinguish
balwum,/baˈlwum/,n.,clash
bam,/bam/,v.,get; obtain; take; arrest; carry; catch; steal; seize; accept; book; reap; possess; deprive; acquire; plow; intercept
bamat,/baˈmat/,n.,corner
bambinbul,/bambinˈbul/,v.,assign; elect
bamdim,/bamˈdim/,v.,harm; impair
bamgido,/bamgiˈdo/,n.,excuse
bamgidoup,/bamˌgidoˈup/,v.,excuse
bamkire,/bamkiˈre/,n.,coconut
bamos,/baˈmos/,n.,staff
bampuab,/bampuˈab/,n.,chain; link
bamsaep,/bamsaˈep/,n.,space (empty area); room (space)
bamsumvel,/bamsumˈvel/,n.,ticket; license
bamten,/bamˈten/,v.,hail
bamtom,/bamˈtom/,v.,show off
bamtun,/bamˈtun/,n.,arch; arc
bamup,/baˈmup/,adj.,important
ban,/ban/,det.,few
banad,/baˈnad/,n.,match (game); contest
banag,/baˈnag/,n.,crust; bark (of tree)
banbente,/banbenˈte/,n.,unit
banibib,/baniˈbib/,n.,vinegar
banpuib,/banpuˈib/,v.,express
banqipu,/banqiˈpu/,n.,volcano
bansel,/banˈsel/,v.,like; admire
bantuga,/bantuˈga/,n.,oval
banubcam,/banubˈkam/,v.,wake; wake up; get up
banudkil,/banudˈkil/,v.,squeeze; clutch
banwumpa,/banwumˈpa/,v.,please
banwumpaq,/banwumˈpaq/,n.,pleasure
baov,/baˈov/,v.,defeat; beat
baovdal,/baovˈdal/,n.,earth
bapi,/baˈpi/,adj.,significant
bapoed,/bapoˈed/,n.,wage; salary
bapu,/baˈpu/,v.,promise
bare,/baˈre/,n.,parlor; salon
basaeq,/basaˈeq/,n.,morning; dawn
basanotep,/baˌsanoˈtep/,n.,kitten
base,/baˈse/,v.,snap
basi,/baˈsi/,v.,bow (greet)
basisin,/basiˈsin/,n.,passenger
baso,/baˈso/,n.,bat (club)
basum,/baˈsum/,v.,explore
bata,/baˈta/,n.,dove
batanak,/bataˈnak/,adj.,scarce
batanpi,/batanˈpi/,n.,puppy
batapi,/bataˈpi/,n.,glory; honor; integrity; dignity; pride
batin,/baˈtin/,n.,sanctuary; haven
baursu,/baurˈsu/,n.,complex
bauvbi,/bauvˈbi/,v.,identify; point out; diagnose
bauw,/baˈuw/,v.,squash
bavem,/baˈvem/,n.,husband
bawil,/baˈwil/,n.,tag
be,/be/,pron.,anything
beab,/beˈab/,v.,involve; entail
beabtil,/beabˈtil/,v.,screw
bead,/beˈad/,n.,desert
beag,/beˈag/,n.,bait
beak,/beˈak/,n.,issue; concern; problem
beaq,/beˈaq/,v.,absorb
beaq,/beˈaq/,n.,sponge
bebi,/beˈbi/,n.,bulb (plant root)
bebopal,/beboˈpal/,n.,stone
bebuaq,/bebuˈaq/,v.,fry; simmer
becanew,/bekaˈnew/,n.,prize; award
bedi,/beˈdi/,adv.,etcetera
bedul,/beˈdul/,n.,transport
begobal,/begoˈbal/,n.,biology
beib,/beˈib/,v.,want; need (lack); crave
beica,/beiˈka/,adj.,broken
beik,/beˈik/,v.,break; smash; tear; shatter; destroy
bel,/bel/,adj.,gray
belban,/belˈban/,v.,build; construct; erect; produce (manufacture)
beldul,/belˈdul/,n.,comfort
beldulik,/belduˈlik/,adj.,comfortable
belgi,/belˈgi/,n.,paint
belki,/belˈki/,n.,molecule
belor,/beˈlor/,adj.,busy
belsilaw,/belsiˈlaw/,n.,opinion
beltemwa,/belteˈmwa/,v.,blush
belwanvil,/belwanˈvil/,n.,milk
bem,/bem/,det.,this
bem,/bem/,pron.,this
bem bigunpu,/bem bigunˈpu/,adv.,tonight
bemat,/beˈmat/,v.,copy; imitate; replicate
bempinpe,/bempinˈpe/,v.,say; tell; confess; express; explain
bemsinip,/bemsiˈnip/,n.,bureaucrat
bemvumak,/bemvuˈmak/,n.,tone; pitch; hue
ben,/ben/,n.,reason; logic; idea; dream; concept; theory; rationale
benak,/beˈnak/,adj.,logical
benaqva,/benaqˈva/,v.,flash; glance
bendiob,/bendiˈob/,n.,limit; border; boundary
benduva,/benduˈva/,n.,piece; item
benik,/beˈnik/,adj.,reasonable
benik,/beˈnik/,adj.,logical
benpa,/benˈpa/,v.,decay
bentampi,/bentamˈpi/,v.,pause; halt
bente,/benˈte/,n.,thumb
bentimbo,/bentimˈbo/,v.,explode; blow up; shoot; fire (detonate weapon); blast
beogrol,/beoˈgrol/,n.,lamb
bepago,/bepaˈgo/,n.,widow
bepumbim,/bepumˈbim/,v.,wear; put on
beqalgan,/beqalˈgan/,n.,pyramid
beqebun,/beqeˈbun/,n.,seaweed
beqel,/beˈqel/,n.,cousin
beraiw,/beraˈiw/,n.,thing; stuff; property
bero,/beˈro/,v.,wiggle
besusam,/besuˈsam/,v.,nod
besuwe,/besuˈwe/,v.,shrug
betapen,/betaˈpen/,n.,handcuff
betiak,/betiˈak/,adj.,abundant; lush; fertile
betiakik,/beˌtiaˈkik/,n.,fertility
beutca,/beutˈka/,n.,case; event (occurrence); situation (circumstances; context)
beutca ritatale,/beutˈka riˌtataˈle/,n.,coffin
beuvwe,/beuˈvwe/,n.,rose
bevatil,/bevaˈtil/,n.,chemical
bevelqe,/bevelˈqe/,n.,worm
bevinik,/beviˈnik/,n.,apartment
bewiwa,/bewiˈwa/,n.,peach
bewon,/beˈwon/,n.,clerk; accountant
bi,/bi/,v.,rise; climb; escalate; grow
biak,/biˈak/,v.,complete
biar,/biˈar/,n.,beach
bibeke,/bibeˈke/,n.,herd
bibom,/biˈbom/,v.,hire; rent; recruit
bibul,/biˈbul/,adj.,custom
bicol,/biˈkol/,adj.,coherent
bideab,/bideˈab/,adv.,later
biecav,/bieˈkav/,adv.,behind; back
biedba,/biedˈba/,adj.,slow; late
biek,/biˈek/,n.,spa (mineral spring)
biew,/biˈew/,n.,stock; arsenal
bigagal,/bigaˈgal/,n.,torso; trunk (of tree)
bigunpu,/bigunˈpu/,n.,night; evening
bikil,/biˈkil/,adj.,poor; weak
bil,/bil/,adj.,light (weight); fragile
bilagep,/bilaˈgep/,n.,pistol
bilbu,/bilˈbu/,n.,number
bildansu,/bildanˈsu/,n.,garden; orchard; plantation
bilde,/bilˈde/,adv.,that
biler,/biˈler/,n.,mother
bileseb,/bileˈseb/,n.,bubble; foam
bilewvol,/bilewˈvol/,adj.,fair; just
bilicga,/bilikˈga/,n.,corpse; carcass
bilis,/biˈlis/,n.,toilet
biliv,/biˈliv/,v.,assume; presume; deduce; deem
biloqda,/biloqˈda/,n.,root; source
bilpidi,/bilpiˈdi/,adj.,full
bilpul,/bilˈpul/,n.,farm; pasture
bilre,/biˈlre/,n.,citizen
bilse,/bilˈse/,v.,obey
biltun,/bilˈtun/,v.,charge
bilwiak,/bilwiˈak/,v.,halt; ban; prohibit
bim,/bim/,prep.,around
bimageb,/bimaˈgeb/,n.,dream
bimageb,/bimaˈgeb/,v.,dream
bimbabo,/bimbaˈbo/,v.,plant; place
bimeb,/biˈmeb/,n.,hurdle
bimgawem,/bimgaˈwem/,adj.,local
bimgenpa,/bimgenˈpa/,n.,fiction
bimrem,/biˈmrem/,v.,reproduce
bimte,/bimˈte/,n.,homeland; motherland
bimwair,/bimwaˈir/,n.,melody; tune
bin,/bin/,n.,sense
bin epiq,/bin eˈpiq/,n.,wit
binbo,/binˈbo/,n.,structure
binde,/binˈde/,v.,cure
binop,/biˈnop/,v.,launch; cast; hurl
binpeaw,/binpeˈaw/,v.,tackle
binqaniv,/binqaˈniv/,n.,fracture
biog,/biˈog/,v.,fade
biot,/biˈot/,adj.,middle
biotsem,/biotˈsem/,v.,probe
bioviq,/bioˈviq/,n.,class; lesson
bioviq tupa,/bioˈviq tuˈpa/,n.,upper class
bioviq vamcabam,/bioˈviq vamkaˈbam/,n.,lower class
bipal,/biˈpal/,n.,strap
bipen,/biˈpen/,n.,basement
bipi,/biˈpi/,n.,net
bipil,/biˈpil/,n.,butter
biqi,/biˈqi/,v.,turn on
bira,/biˈra/,n.,cheese
bisam,/biˈsam/,n.,sample
bisimak,/bisiˈmak/,adj.,exempt
bito,/biˈto/,adj.,loud; noisy
biuk,/biˈuk/,v.,imagine; devise; come up with
biup,/biˈup/,n.,reward; award; medal
bius,/biˈus/,n.,cabinet; drawer
biutgim,/biutˈgim/,n.,wife
biuv,/biˈuv/,n.,crown
biva,/biˈva/,n.,chance; odds
bivaro,/bivaˈro/,adj.,accurate; specific; particular
bivo,/biˈvo/,n.,charity
biwiqo,/biwiˈqo/,n.,restaurant; diner
bo,/bo/,prep.,for (in favor of)
boatqe,/boatˈqe/,adv.,ago
boatuv,/boaˈtuv/,v.,feed
boavip,/boaˈvip/,n.,amateur
bobaok,/bobaˈok/,n.,poultry
bobapan,/bobaˈpan/,n.,powder
bobebal,/bobeˈbal/,n.,oil; grease
bobem,/boˈbem/,n.,bump
bobimsi,/bobimˈsi/,v.,bump
bobonok,/boboˈnok/,n.,public
bobuso,/bobuˈso/,n.,mass
bocal,/boˈkal/,n.,journey; trip; voyage
bocunbi,/bokunˈbi/,v.,contain
bodalpi,/bodalˈpi/,v.,found
boepak,/boeˈpak/,n.,scope; extent
boevro,/boeˈvro/,n.,archipelago
bogelwu,/bogeˈlwu/,n.,dirt
bogelwuik,/boˌgelwuˈik/,adj.,dirty
bogilba,/bogilˈba/,v.,row
bogilwu,/bogiˈlwu/,v.,trip; stumble
bogugal,/boguˈgal/,n.,rat
bogugal vamcabam,/boguˈgal vamkaˈbam/,n.,mouse
boiqqal,/boiqˈqal/,n.,queen
boit,/boˈit/,v.,start; begin
boit,/boˈit/,n.,start; beginning
boitwi,/boiˈtwi/,v.,volunteer
bokenbim,/bokenˈbim/,n.,peak
bol,/bol/,v.,doubt
boldomcan,/boldomˈkan/,n.,lesson
boldulru,/bolduˈlru/,v.,exist
boldulruq,/bolduˈlruq/,n.,existence
bolki,/bolˈki/,adj.,strong; tough; robust
bolkigu,/bolkiˈgu/,n.,fish
bolkigu qaso,/bolkiˈgu qaˈso/,n.,shark
bolkiik,/bolkiˈik/,n.,strength
bolri,/boˈlri/,adj.,blind
bolrumok,/bolruˈmok/,adj.,wet; damp; moist
bolrumokik,/boˌlrumoˈkik/,n.,moisture
bolubren,/boluˈbren/,n.,lamp
bolubren bobebal,/boluˈbren bobeˈbal/,n.,candle
bolvelvu,/bolvelˈvu/,v.,spill
bolwancu,/bolwanˈku/,v.,must; have to
bolwum,/boˈlwum/,n.,bachelor
bom,/bom/,n.,pool
bombun,/bomˈbun/,v.,burn; cook (heat food); simmer
bomcon,/bomˈkon/,n.,lip
bomdelaw,/bomdeˈlaw/,v.,blow; kiss
bomdu,/bomˈdu/,adj.,sudden; abrupt
bomdut,/bomˈdut/,adv.,suddenly
bomsal,/bomˈsal/,n.,couple
bomtilpe,/bomtilˈpe/,n.,quality
bon,/bon/,n.,defense
bonew,/boˈnew/,n.,tongue; voice
bonpam,/bonˈpam/,n.,feather; pen
bonpam bomcon,/bonˈpam bomˈkon/,n.,lipstick
bonqulbun,/bonqulˈbun/,v.,upset; disrupt
bonrekin,/bonreˈkin/,adj.,whole; entire
bonsam,/bonˈsam/,adj.,gross
bontel,/bonˈtel/,n.,clown
bontu,/bonˈtu/,v.,accompany
bontuq,/bonˈtuq/,n.,company
bonup,/boˈnup/,v.,defend
bopanwo,/bopaˈnwo/,n.,section; piece
bopi,/boˈpi/,n.,demographic
bopin,/boˈpin/,n.,cow
boqilub,/boqiˈlub/,v.,contribute
bosa,/boˈsa/,prep.,near
botiti,/botiˈti/,v.,apply
boub,/boˈub/,n.,top; mountain
boukes,/bouˈkes/,v.,regard; deem
bovol,/boˈvol/,interj.,yes
bovuta,/bovuˈta/,v.,may
bowanat,/bowaˈnat/,n.,distance; span
bowanatik,/boˌwanaˈtik/,adj.,distant
bowomwo,/bowoˈmwo/,v.,would
bu,/bu/,num.,four
buav,/buˈav/,adv.,somewhat; fairly; pretty; quite; rather
bubal,/buˈbal/,n.,tradition; ritual
bubom,/buˈbom/,n.,pile; heap; mound
bubones,/buboˈnes/,adj.,firm; solid; sturdy
bucabim,/bukaˈbim/,v.,sew
buew,/buˈew/,n.,scout
buga,/buˈga/,v.,worry
bugi,/buˈgi/,pron.,everyone
buidgin,/buidˈgin/,n.,current; wave (ocean)
bukel,/buˈkel/,n.,fear
bukepi,/bukeˈpi/,n.,road; street; artery
bul,/bul/,n.,eye; eyeball
buladsan,/buladˈsan/,n.,cathedral; temple
bulasut,/bulaˈsut/,n.,oasis
bulga,/bulˈga/,prep.,into
bulgamwin,/bulgaˈmwin/,n.,address
bulpo,/bulˈpo/,v.,fit; conform
bulqu,/bulˈqu/,v.,dominate
bultol,/bulˈtol/,n.,diaper
bulvel,/bulˈvel/,n.,locker
bulvi,/bulˈvi/,v.,waste
bum,/bum/,n.,century
bumasban,/bumasˈban/,v.,create; invent
bunbi,/bunˈbi/,n.,item
bunpeod,/bunpeˈod/,n.,score
bunqun,/bunˈqun/,v.,choke; suffocate
bunra,/buˈnra/,n.,spell (of magic)
bunran,/buˈnran/,n.,gravel
buodqul,/buodˈqul/,v.,let; allow (let); enable; permit; approve
buodqule,/buˌodquˈle/,n.,permission
bupam,/buˈpam/,n.,truth
bupamik,/bupaˈmik/,adj.,true
bupelrul,/bupeˈlrul/,v.,satisfy; convince
bupiwi,/bupiˈwi/,n.,cream; milk
buqelpel,/buqelˈpel/,v.,draw
buqim,/buˈqim/,n.,rival
buqiqom,/buqiˈqom/,n.,yacht
buralsel,/buralˈsel/,n.,cigarette
busal,/buˈsal/,n.,scar
busel,/buˈsel/,v.,illustrate
buta,/buˈta/,n.,bureaucracy
butu,/buˈtu/,n.,spider
buve,/buˈve/,n.,god
buvon,/buˈvon/,v.,thrust; propel
ca,/ka/,adv.,almost
cabam,/kaˈbam/,adv.,therefore; thus
cabem,/kaˈbem/,v.,detect
cabin,/kaˈbin/,n.,politics
cabinak,/kabiˈnak/,adj.,political
cacanbe,/kakanˈbe/,v.,import
caconob,/kakoˈnob/,v.,dance
cacul,/kaˈkul/,v.,execute
cadan,/kaˈdan/,v.,dine
cadel,/kaˈdel/,n.,chest
caebbe,/kaebˈbe/,n.,creek
caedab,/kaeˈdab/,n.,candy; vagina (slang)
caetit,/kaeˈtit/,adj.,awesome
cagaeq,/kagaˈeq/,n.,button (fastener for clothing)
cagebal,/kageˈbal/,v.,certify
caib,/kaˈib/,v.,peek; squint
caibeb,/kaiˈbeb/,v.,faint
caigok,/kaiˈgok/,v.,find; discover; encounter; uncover
caigoke,/kaˌigoˈke/,n.,discovery
caki,/kaˈki/,v.,grunt
calbomso,/kalbomˈso/,v.,feel (sense by touch); feel (examine by touch)
calcuaw,/kalkuˈaw/,adj.,warm
calpabi,/kalpaˈbi/,v.,clap; pat; cheer
calwiga,/kalwiˈga/,n.,bow (weapon)
camba,/kamˈba/,n.,porch; veranda; terrace
camdawel,/kamdaˈwel/,n.,crest
camde,/kamˈde/,n.,castle; palace
camdim,/kamˈdim/,n.,song
camdimup,/kamdiˈmup/,v.,sing
camrenas,/kamreˈnas/,n.,tax
camsumven,/kamsumˈven/,v.,wipe
camtoge,/kamtoˈge/,n.,pastry
camvaqa,/kamvaˈqa/,n.,balcony
can,/kan/,num.,second
canco,/kanˈko/,n.,switch
cangago,/kangaˈgo/,n.,crew; crowd
canis,/kaˈnis/,n.,faith
cansal,/kanˈsal/,n.,master; lord
cantam,/kanˈtam/,n.,muscle
canwu,/kaˈnwu/,v.,emit; radiate
canwumdol,/kanwumˈdol/,n.,bear
caostun,/kaosˈtun/,n.,soil; clay
caotrol,/kaoˈtrol/,v.,transcend; excel
caovvi,/kaovˈvi/,n.,snow
caovvi,/kaovˈvi/,v.,snow
capim,/kaˈpim/,adv.,however
caputu,/kapuˈtu/,adj.,drunk (inebriated)
caqebi,/kaqeˈbi/,n.,canal
caqel,/kaˈqel/,v.,forget
cara,/kaˈra/,n.,front
caraqo,/karaˈqo/,adj.,exact; precise; definite
caraqot,/karaˈqot/,adv.,exactly
carelvel,/karelˈvel/,v.,borrow
caridul,/kariˈdul/,v.,register; book
caruwu,/karuˈwu/,v.,seek
casu,/kaˈsu/,v.,suspect
casuw,/kaˈsuw/,adj.,suspicious
catilab,/katiˈlab/,n.,divorce
catulse,/katulˈse/,n.,coil
cavemat,/kaveˈmat/,n.,street
cawal,/kaˈwal/,n.,integrity
cawe,/kaˈwe/,v.,masturbate
cawecu,/kaweˈku/,n.,peninsula
co,/ko/,det.,which
co,/ko/,pron.,which
coab,/koˈab/,v.,judge
coabkel,/koabˈkel/,n.,bird; penis (slang)
cobam,/koˈbam/,v.,throw; toss; hurl; fling; propel
cobensel,/kobenˈsel/,n.,pillow; cushion
cobi,/koˈbi/,n.,snack
cobo,/koˈbo/,v.,massage
cocum,/koˈkum/,adj.,even; equal; parallel; equivalent
codo,/koˈdo/,v.,cull
codu,/koˈdu/,n.,fang
cogiok,/kogiˈok/,n.,ant
cogum,/koˈgum/,n.,resource
cois,/koˈis/,v.,capture; seize; kidnap
col,/kol/,v.,do; make; build; construct; create; prepare; organize; compel; induce; set up; evoke
col qauq,/kol qaˈuq/,v.,have sex
colev,/koˈlev/,n.,factory
colevpol,/kolevˈpol/,v.,chuckle
colgo,/kolˈgo/,n.,theater
coluk,/koˈluk/,v.,keep (not return); control
com,/kom/,adv.,as
comad,/koˈmad/,n.,body
comarba,/komarˈba/,n.,band (musical group)
compadan,/kompaˈdan/,v.,continue; keep (continue); last; remain; persist
comru,/koˈmru/,n.,analogy
comtemuk,/komteˈmuk/,n.,fraud; hoax
comub,/koˈmub/,v.,deliver; deposit
con,/kon/,n.,military
coqi,/koˈqi/,n.,furniture
coqo,/koˈqo/,n.,bra
coqonvu,/koqonˈvu/,v.,stretch
coriten,/koriˈten/,v.,pollute
cosita,/kosiˈta/,n.,ambassador
cotamvo,/kotamˈvo/,v.,hate
cotauk,/kotaˈuk/,n.,eel
cote,/koˈte/,v.,crash; collide
cotu,/koˈtu/,n.,coincidence
cowe,/koˈwe/,n.,limb
cu,/ku/,n.,month
cubal,/kuˈbal/,n.,continent
cubambal,/kubamˈbal/,n.,bee
cubelrel,/kubeˈlrel/,n.,luck
cubelrelik,/kuˌbelreˈlik/,adj.,lucky
cubi,/kuˈbi/,n.,sound
cubi caconob,/kuˈbi kakoˈnob/,n.,music
cubu,/kuˈbu/,n.,wing
cucan,/kuˈkan/,n.,asteroid; comet
cueb,/kuˈeb/,n.,orphan
cugemot,/kugeˈmot/,n.,effect
cugi,/kuˈgi/,n.,lyrics
cuke,/kuˈke/,n.,doctor
cul,/kul/,v.,giggle
culbamap,/kulbaˈmap/,adv.,forever
culcatim,/kulkaˈtim/,v.,sip
culda,/kulˈda/,v.,pose
culton,/kulˈton/,n.,cellar
culvopal,/kulvoˈpal/,v.,confirm; validate; verify
culwaoq,/kulwaˈoq/,n.,fruit; seed
cum,/kum/,n.,parent
cumcon,/kumˈkon/,n.,shelf; rack
cumdim,/kumˈdim/,n.,virgin
cumgoneg,/kumgoˈneg/,n.,ribbon; tape
cumib,/kuˈmib/,v.,drain
cumke,/kumˈke/,n.,talent
cumram,/kuˈmram/,n.,sock
cumtam,/kumˈtam/,v.,modify
cumtasom,/kumtaˈsom/,n.,courier
cunaddo,/kunadˈdo/,v.,feel (examine by touch)
cunqi,/kunˈqi/,v.,limp
cunsabam,/kunsaˈbam/,adj.,physical; tangible
cuob,/kuˈob/,adj.,curious
cuoppo,/kuopˈpo/,adv.,still
cuot,/kuˈot/,n.,credit (of money)
cuov,/kuˈov/,conj.,when; while
cupepal,/kupeˈpal/,n.,linen
cuqal,/kuˈqal/,n.,menu
curilke,/kurilˈke/,n.,kidney
curiqam,/kuriˈqam/,n.,descendant; heir
cutal,/kuˈtal/,adv.,yesterday
cutoncal,/kutonˈkal/,v.,ring
cutusa,/kutuˈsa/,adj.,good; superb; nice; great (excellent); moral
cuwem,/kuˈwem/,v.,insure; assure; guarantee; secure; vow
cuwusum,/kuwuˈsum/,adv.,out
da,/da/,n.,house; home; family (children and parents)
da eqit,/da eˈqit/,n.,hospital
dabel,/daˈbel/,n.,carriage; cart
dabinqe,/dabinˈqe/,v.,ruffle
dabipil,/dabiˈpil/,v.,decide; choose
dabipile,/daˌbipiˈle/,n.,decision
dabumca,/dabumˈka/,adj.,complicated
dacugom,/dakuˈgom/,conj.,or
dadokel,/dadoˈkel/,n.,pedestrian
daev,/daˈev/,v.,revise; amend
dagirom,/dagiˈrom/,adj.,current
dagobu,/dagoˈbu/,v.,kick
daik,/daˈik/,v.,try (attempt); attempt
dair,/daˈir/,n.,ministry
dal,/dal/,n.,woman; mother
daladbu,/daladˈbu/,v.,sleep
daladbu,/daladˈbu/,n.,sleep
dalat,/daˈlat/,n.,dress; skirt; uniform
dalbalpin,/dalbalˈpin/,n.,burger
dalbicu,/dalbiˈku/,n.,agony
daldil,/dalˈdil/,v.,contaminate
dalev,/daˈlev/,n.,cherry
dalgu,/dalˈgu/,v.,ache
dalip,/daˈlip/,v.,act; behave
dalipe,/daliˈpe/,n.,behavior
dalpan,/dalˈpan/,v.,experience
dalpan,/dalˈpan/,n.,experience
daltasin,/daltaˈsin/,n.,tent
damab,/daˈmab/,v.,investigate
damdal,/damˈdal/,n.,angle
damdasu,/damdaˈsu/,v.,inflict
dameqap,/dameˈqap/,v.,mock; imitate
damog,/daˈmog/,adv.,about
dampacal,/dampaˈkal/,n.,towel; napkin
damrel,/daˈmrel/,n.,empire
damsudin,/damsuˈdin/,n.,party
damto,/damˈto/,v.,comprehend
damud,/daˈmud/,n.,parliament
damwapem,/damwaˈpem/,n.,chime
danab,/daˈnab/,v.,pay
danaw,/daˈnaw/,n.,cup
dantodi,/dantoˈdi/,v.,sneeze
dapin,/daˈpin/,adj.,delicious
dasebam,/daseˈbam/,n.,surface; skin
dason,/daˈson/,v.,laugh
dason,/daˈson/,n.,laugh
dat,/dat/,n.,mansion
dati,/daˈti/,v.,abolish
daupat,/dauˈpat/,adj.,naked; nude
davu,/daˈvu/,v.,disguise; feign
dawelgam,/dawelˈgam/,n.,fabric; textile
de,/de/,v.,have; must; have to; own; include
deab,/deˈab/,v.,hover; linger
deabak,/deaˈbak/,n.,slave
deabdeuk,/deˌabdeˈuk/,n.,vendor
dead,/deˈad/,n.,hazard; risk; threat
deadak,/deaˈdak/,conj.,that
deadik,/deaˈdik/,adj.,risky
deak,/deˈak/,n.,pact
deatob,/deaˈtob/,n.,visitor
deatob,/deaˈtob/,n.,tourist
deatogvin,/deˌatogˈvin/,n.,hunter
deav,/deˈav/,n.,artist
debelgi,/debelˈgi/,n.,painter
debildansu,/deˌbildanˈsu/,n.,gardener
debilpul,/debilˈpul/,n.,farmer
decabin,/dekaˈbin/,n.,politician
decaconob,/deˌkakoˈnob/,n.,dancer
decam,/deˈkam/,n.,haven; resort
decamdim,/dekamˈdim/,n.,singer
decom,/deˈkom/,v.,deploy
dede,/deˈde/,n.,owner
dedeur,/dedeˈur/,v.,dive
dedo,/deˈdo/,v.,reveal; expose
dedun,/deˈdun/,adj.,aware
deevvingil,/deˌevvinˈgil/,n.,employer
degada,/degaˈda/,n.,warrior
degalto,/degalˈto/,n.,lover
degam,/deˈgam/,n.,event (occurrence); incident
degecal,/degeˈkal/,n.,bunch
degel,/deˈgel/,n.,yogurt
degolco,/degolˈko/,n.,locksmith
deidqove,/deˌidqoˈve/,n.,prisoner
deivbaqin,/deˌivbaˈqin/,n.,ruler
dekemdantu,/deˌkemdanˈtu/,n.,liar
deki,/deˈki/,v.,blame; attribute
dekiw,/deˈkiw/,adj.,guilty
del,/del/,n.,king; emperor
deldam,/delˈdam/,n.,scissors
delik,/deˈlik/,v.,travel
delob,/deˈlob/,n.,saliva
delponak,/delpoˈnak/,n.,alarm; siren
delral,/deˈlral/,v.,bury; embed
delsan,/delˈsan/,n.,area; territory
delvoleb,/delvoˈleb/,adj.,dull; dim
dem,/dem/,n.,noise; rumor; gossip
dembul,/demˈbul/,n.,gas
demru,/deˈmru/,v.,defy
den,/den/,n.,mat
denob,/deˈnob/,n.,screw
deok,/deˈok/,n.,dealer
depe,/deˈpe/,n.,skull
depeba,/depeˈba/,n.,killer
depias,/depiˈas/,v.,divide; isolate; segregate
depiase,/deˌpiaˈse/,n.,division
depil,/deˈpil/,n.,scientist
depil erpun,/deˈpil erˈpun/,n.,psychologist
depinot,/depiˈnot/,n.,runner
depun,/deˈpun/,n.,lawyer
deqimrum,/deqiˈmrum/,n.,trader
deremwalek,/deˌremwaˈlek/,n.,author; writer
deribam,/deriˈbam/,n.,criminal
deroeb,/deroˈeb/,n.,teacher
desa,/deˈsa/,adj.,compatible
desan,/deˈsan/,n.,poet
desemsa,/desemˈsa/,n.,player
desulwu,/desuˈlwu/,n.,chef; cook
detabaib,/deˌtabaˈib/,n.,florist
detemet,/deteˈmet/,n.,judge
detolrilet,/deˌtolriˈlet/,n.,manager
devatopun,/deˌvatoˈpun/,n.,sailor
devol,/deˈvol/,n.,driver
devu,/deˈvu/,n.,dentist
dewoaw,/dewoˈaw/,n.,lobster
dewomrem,/dewoˈmrem/,n.,assassin
dewuranqil,/deˌwuranˈqil/,n.,worker; employee
dewuranqil da,/deˌwuranˈqil da/,n.,maid
di,/di/,conj.,until
diab,/diˈab/,n.,pirate
diabqo,/diabˈqo/,v.,advance
diatsa,/diatˈsa/,n.,manual
diaw,/diˈaw/,adv.,off
dibi,/diˈbi/,n.,oxygen
dican,/diˈkan/,n.,demise
dierad,/dieˈrad/,adv.,either
digel,/diˈgel/,n.,shed
dikim,/diˈkim/,n.,ritual
dil,/dil/,v.,miss (not hit); miss (not take advantage of)
dilpo,/dilˈpo/,v.,scrub; rub; polish
diltatil,/diltaˈtil/,prep.,alongside; as well as
dimapgu,/dimapˈgu/,n.,force
dimda,/dimˈda/,v.,feel (perceive; sense); notice
dimdaq,/dimˈdaq/,n.,feeling
dimepeq,/dimeˈpeq/,n.,passion
dimsa,/dimˈsa/,adj.,blonde
dimsuso,/dimsuˈso/,n.,palm (of hand)
din,/din/,v.,graze (touch); skim
dinba,/dinˈba/,v.,gasp
dinbon,/dinˈbon/,adv.,how
dinebuw,/dineˈbuw/,n.,bargain; discount
dingo,/dinˈgo/,n.,bud
dinovrol,/dinoˈvrol/,v.,believe
dinovrole,/diˌnovroˈle/,n.,belief
dinwa,/diˈnwa/,n.,scale (instrument for weighing)
disun,/diˈsun/,n.,perfume
ditu,/diˈtu/,v.,float; hover; skim
diurrol,/diuˈrrol/,v.,mark
diusbi,/diusˈbi/,n.,frame; cage; hull; crate; prison; jail
do,/do/,adv.,least
doak,/doˈak/,v.,consult
doap,/doˈap/,adj.,quiet
doas,/doˈas/,n.,tragedy
dobal,/doˈbal/,n.,adult
dobaor,/dobaˈor/,n.,folder
dobulki,/dobulˈki/,adj.,loose
doca,/doˈka/,n.,phone
dodol,/doˈdol/,v.,bust
dogacan,/dogaˈkan/,v.,resemble
dol,/dol/,num.,first
doldum,/dolˈdum/,n.,reef
doletdul,/doletˈdul/,n.,vehicle
dolquiw,/dolquˈiw/,n.,earthquake
dolsi,/dolˈsi/,v.,smile
dolto,/dolˈto/,n.,shade; shadow; hue
domabik,/domaˈbik/,n.,base; ground
domap,/doˈmap/,n.,liver
dombel,/domˈbel/,n.,professor
domovkel,/domovˈkel/,n.,fantasy
donraer,/donraˈer/,v.,be (exist); be (permanent state)
donvamda,/donvamˈda/,n.,bug; insect; beetle
dopalav,/dopaˈlav/,n.,array; spectrum
dopi,/doˈpi/,n.,calendar; schedule; roster
doqube,/doquˈbe/,n.,acid
dorem,/doˈrem/,n.,weapon
doremev,/doreˈmev/,n.,armory
doro,/doˈro/,n.,knight
dorowen,/doroˈwen/,n.,boyfriend; girlfriend
dovebo,/doveˈbo/,n.,knot
dowa,/doˈwa/,adj.,honest; pure; authentic; wholesome
dowo,/doˈwo/,v.,bring; fetch
du,/du/,num.,three
duap,/duˈap/,n.,chick (girl)
duban,/duˈban/,n.,leg; thigh; lap
ducu,/duˈku/,n.,hangover
dudo,/duˈdo/,conj.,and
duek,/duˈek/,adj.,free
duke,/duˈke/,v.,display; show off; advertise; reveal
dukeq,/duˈkeq/,n.,advertisement
duki,/duˈki/,prep.,versus
dulgelke,/dulgelˈke/,v.,reserve
dulgelkeq,/dulgelˈkeq/,n.,reservation
dulik,/duˈlik/,n.,fluke
dulpebal,/dulpeˈbal/,adj.,fast; smart; intelligent
dulpinrul,/dulpiˈnrul/,v.,follow
dultam,/dulˈtam/,v.,inspire; encourage
dulti,/dulˈti/,adj.,comic
dum,/dum/,v.,keep (save; retain); save
dumbin,/dumˈbin/,v.,excite
dumbine,/dumbiˈne/,n.,excitement
dumdonad,/dumdoˈnad/,n.,noon; midday; lunch
dumub,/duˈmub/,n.,archive
dun,/dun/,v.,keep (store); store
dunbivon,/dunbiˈvon/,n.,tuna
dunpeav,/dunpeˈav/,v.,shout; yell; exclaim; proclaim; advertise; affirm
dunqeap,/dunqeˈap/,v.,inhabit
dunusiw,/dunuˈsiw/,v.,see; realize; look; perceive; recognize; notice
dunva,/dunˈva/,v.,oppress
duob,/duˈob/,n.,virus; venom
duog,/duˈog/,v.,amuse
duqate,/duqaˈte/,n.,ammunition
duto,/duˈto/,n.,pornography
dutoiq,/dutoˈiq/,adj.,formal
eb,/eb/,v.,take; receive; gain; gather; huddle
ebag,/eˈbag/,v.,summon; call (request the attendance of)
ebagpun,/ebagˈpun/,n.,ethic
ebbe,/ebˈbe/,adj.,aroused (sexually)
ebbi,/ebˈbi/,v.,tempt
ebbimor,/ebbiˈmor/,n.,brain
ebbokin,/ebboˈkin/,adj.,social
ebbu,/ebˈbu/,n.,skill; craft
ebbuik,/ebbuˈik/,adj.,skilled
ebdoek,/ebdoˈek/,n.,kit
ebdukel,/ebduˈkel/,v.,erase
ebgeak,/ebgeˈak/,adv.,tomorrow
ebgemve,/ebgemˈve/,v.,open
ebgupa,/ebguˈpa/,adj.,red; purple
ebik,/eˈbik/,n.,metal
ebiwdal,/ebiwˈdal/,n.,planet
ebobta,/ebobˈta/,n.,petal
ebod,/eˈbod/,n.,alcohol
ebov,/eˈbov/,n.,guilt
ebpun,/ebˈpun/,n.,atom
ebqel,/ebˈqel/,n.,poison; venom
ebqupal,/ebquˈpal/,n.,desk
ebraca,/ebraˈka/,n.,alphabet
ebridan,/ebriˈdan/,n.,log; stick
ebsumde,/ebsumˈde/,n.,edge; limit; border; boundary; perimeter
ebupsi,/ebupˈsi/,adv.,ever
ebwom,/eˈbwom/,conj.,than
ecab,/eˈkab/,prep.,by (agent performing an action); by (author or creator)
ecav,/eˈkav/,v.,cheer
ecbeba,/ekbeˈba/,v.,frustrate
ecben,/ekˈben/,n.,privilege; patent
ecbira,/ekbiˈra/,n.,piano
ecbotu,/ekboˈtu/,v.,hug
ecbure,/ekbuˈre/,v.,surprise; astonish; startle
ecdel,/ekˈdel/,adj.,cheap
ecdu,/ekˈdu/,v.,post
ecgelow,/ekgeˈlow/,n.,person; human
ecgelowak,/ekˌgeloˈwak/,adj.,personal
ecgo,/ekˈgo/,n.,bay; harbor; cove
ecke,/ekˈke/,v.,mold
ecketi,/ekkeˈti/,n.,harbor
ecpa,/ekˈpa/,v.,hurt; injure; punish
ecpol,/ekˈpol/,n.,button (pushbutton)
ecqova,/ekqoˈva/,adj.,funny
ecrimit,/ekriˈmit/,n.,concrete
ectaop,/ektaˈop/,n.,nickname
ecubra,/ekuˈbra/,v.,speculate; wonder
ecuv,/eˈkuv/,n.,drought
ed,/ed/,num.,million
edat,/eˈdat/,n.,research
edatup,/edaˈtup/,v.,research
edbel,/edˈbel/,n.,footpath; sidewalk
edbuep,/edbuˈep/,n.,rice; grain
edbuik,/edbuˈik/,n.,gallery (art); exhibit
edco,/edˈko/,n.,rod; shaft; bar; cylinder; pole; axle
eddolep,/eddoˈlep/,n.,wine
eddolepev,/edˌdoleˈpev/,n.,winery
edeb,/eˈdeb/,adv.,too; also; as well
edep,/eˈdep/,n.,story; fable
ediv,/eˈdiv/,v.,might
edkigun,/edkiˈgun/,adv.,sometimes
edop,/eˈdop/,adj.,tight; tense; stiff
edopik,/edoˈpik/,n.,tension
edpal,/edˈpal/,v.,evacuate
edperen,/edpeˈren/,n.,intestine
edpimbi,/edpimˈbi/,n.,thunder
edtaluv,/edtaˈluv/,adj.,polite
edtelba,/edtelˈba/,v.,split; separate; isolate
edti,/edˈti/,n.,luggage; baggage
eduk,/eˈduk/,adj.,valid
eg,/eg/,v.,print
eg gaed,/eg gaˈed/,n.,footprint
eg vulbol,/eg vulˈbol/,n.,fingerprint
egak,/eˈgak/,n.,vest
egbeir,/egbeˈir/,n.,outline
egbivo,/egbiˈvo/,conj.,unless
egdinwum,/egdiˈnwum/,n.,trivia
egergum,/egerˈgum/,v.,live
eggi,/egˈgi/,adj.,practical; pragmatic
egib,/eˈgib/,adj.,minor; petty
egqecon,/egqeˈkon/,v.,rape
egralpil,/egralˈpil/,n.,lid
egralpil bul,/egralˈpil bul/,n.,eyelid
egsiti,/egsiˈti/,v.,hang out
eguvsim,/eguvˈsim/,v.,avert; divert
egweur,/egweˈur/,n.,semen
egwu,/eˈgwu/,n.,buttocks; ass
ekeptun,/ekepˈtun/,n.,vagina
eketep,/ekeˈtep/,v.,feign
ekig,/eˈkig/,v.,hiss
ekisig,/ekiˈsig/,n.,code
eksimsi,/eksimˈsi/,n.,fluid
ekson,/ekˈson/,v.,prepare; assemble
eksone,/eksoˈne/,n.,preparation
ep,/ep/,det.,enough
epap,/eˈpap/,n.,allergy
epappon,/epapˈpon/,adv.,nevertheless; regardless; even though
epar,/eˈpar/,v.,dispose
epbi,/epˈbi/,n.,dust
epbo,/epˈbo/,adj.,classic
epbugi,/epbuˈgi/,n.,flame
epbuki,/epbuˈki/,n.,illness
epibub,/epiˈbub/,n.,row
epiq,/eˈpiq/,n.,word
epoduw,/epoˈduw/,v.,conquer
epoduwe,/eˌpoduˈwe/,n.,conquest
epop,/eˈpop/,n.,student
epre,/eˈpre/,adj.,patient
eprem,/eˈprem/,adj.,dense
epsom,/epˈsom/,adj.,noble
eptom,/epˈtom/,n.,fairy
epva,/epˈva/,n.,graph
epvul,/epˈvul/,n.,trumpet
eq,/eq/,n.,top (clothing)
eqadval,/eqadˈval/,n.,fire
eqbasi,/eqbaˈsi/,v.,tumble
eqbelub,/eqbeˈlub/,n.,list; catalog
eqbevi,/eqbeˈvi/,n.,trigger
eqbo,/eqˈbo/,v.,understand; realize; comprehend
eqcanab,/eqkaˈnab/,v.,erode
eqik,/eˈqik/,n.,cube
eqit,/eˈqit/,adj.,sick; ill; unwell
eqitik,/eqiˈtik/,n.,sickness
eqobsu,/eqobˈsu/,adv.,well
eqpulpa,/eqpulˈpa/,n.,energy (strength; stamina)
eqqilqu,/eqqilˈqu/,n.,culture
eqqilquak,/eqˌqilquˈak/,adj.,cultural
eqqodi,/eqqoˈdi/,adj.,safe
equa,/eˈkwa/,adj.,other
equeup,/ekweˈup/,n.,tool; weapon
equq,/eˈquq/,adj.,passive
equwas,/equˈwas/,v.,stick
equwase,/eˌquwaˈse/,adj.,sticky
eqvo,/eqˈvo/,adj.,awake; conscious
er,/er/,v.,improve
erbe,/erˈbe/,adj.,gorgeous; handsome; attractive
erbel,/erˈbel/,v.,turn; wind; weave
ercabu,/erkaˈbu/,adj.,mobile; portable
erek,/eˈrek/,n.,web
ergimep,/ergiˈmep/,n.,patient
ergire,/ergiˈre/,n.,arrow (weapon); arrow (sign)
eripbu,/eripˈbu/,adj.,infinite
erpin,/erˈpin/,v.,contradict
erpun,/erˈpun/,n.,mind (thinking faculty); soul
erqeluv,/erqeˈluv/,v.,suppress; inhibit; deter; muffle
erri,/eˈrri/,n.,shoulder
ersi,/erˈsi/,v.,sustain
erta,/erˈta/,n.,warrant
ertodal,/ertoˈdal/,n.,massacre; genocide
erupgam,/erupˈgam/,n.,sign; signal
erurwa,/eruˈrwa/,n.,strawberry
eruwbe,/eruwˈbe/,n.,spoon
es,/es/,adj.,big; great (very large); huge; popular
esbalwa,/esbaˈlwa/,n.,plaque
esbiden,/esbiˈden/,n.,ray (of light)
esca,/esˈka/,v.,embrace
esdabi,/esdaˈbi/,n.,program
esdemub,/esdeˈmub/,n.,tailor
esdil,/esˈdil/,adj.,competent
esdo,/esˈdo/,v.,cry; shout; call (cry out); moan; sob; weep; mourn
esit,/eˈsit/,n.,expression (facial)
espangom,/espanˈgom/,n.,alibi
esqamwo,/esqaˈmwo/,prep.,after
esqucu,/esquˈku/,v.,mean (intend)
esvam,/esˈvam/,adj.,cruel; nasty
esvori,/esvoˈri/,n.,recession
et,/et/,num.,seven
etabbo,/etabˈbo/,adv.,often
etacbo,/etakˈbo/,n.,grandmother
etap,/eˈtap/,n.,pest
etcamti,/etkamˈti/,n.,cloth; napkin
etdal,/etˈdal/,n.,shirt; top (clothing)
etgenqa,/etgenˈqa/,n.,recipe
etpa,/etˈpa/,v.,intend
etpu,/etˈpu/,v.,guess; speculate
etpu,/etˈpu/,n.,guess
etsate,/etsaˈte/,n.,apology
etso,/etˈso/,n.,group; community; gang; flock; colony
etti,/etˈti/,v.,remark
etto,/etˈto/,v.,clip; snip; trim
ettudim,/ettuˈdim/,n.,mirror
etud,/eˈtud/,adj.,usual
etudi,/etuˈdi/,adv.,usually
etuq,/eˈtuq/,adj.,obscure
etwom,/eˈtwom/,n.,premiere
ev,/ev/,n.,face; forehead; brow; side; expression; facade; surface
evap,/eˈvap/,n.,civilian
evarpa,/evarˈpa/,n.,novice; rookie
evav,/eˈvav/,v.,remove; take out; deprive; take away; expel; fire (from job)
evboab,/evboˈab/,v.,peer
evbu,/evˈbu/,n.,half
evecba,/evekˈba/,v.,stain
evir,/eˈvir/,v.,wave (salutation)
evkide,/evkiˈde/,n.,post
evkil,/evˈkil/,v.,talk; speak
evkipen,/evkiˈpen/,n.,magic
evpaos,/evpaˈos/,adj.,wide; broad
evpaosik,/evˌpaoˈsik/,n.,width
evre,/eˈvre/,v.,groan; moan
evremke,/evremˈke/,n.,mud
evri,/eˈvri/,prep.,before
evroes,/evroˈes/,n.,hierarchy
evvingil,/evvinˈgil/,v.,use; utilize; manipulate; employ; exert; exploit; recruit
evvingil,/evvinˈgil/,n.,use
ew,/ew/,num.,thousand
ewbeuq,/ewbeˈuq/,n.,bit
ewop,/eˈwop/,n.,stalemate
ewqalpa,/ewqalˈpa/,n.,whip
ewtilwa,/ewtiˈlwa/,v.,gag
ga,/ga/,v.,pick
gabe,/gaˈbe/,n.,laboratory
gabo,/gaˈbo/,pron.,nothing
gaco,/gaˈko/,v.,lend; loan
gada,/gaˈda/,n.,war; battle
gada renir,/gaˈda reˈnir/,n.,crusade
gaeb,/gaˈeb/,v.,concentrate; focus
gaed,/gaˈed/,n.,step (footstep)
gakensi,/gakenˈsi/,v.,reconcile
gal,/gal/,n.,camera
galbalvon,/galbalˈvon/,n.,mess
galbalvonik,/galˌbalvoˈnik/,adj.,messy
galdaep,/galdaˈep/,adj.,thin (slender); slim
galibtil,/galibˈtil/,n.,education
galqe,/galˈqe/,n.,spear; lance; pike; dart
galto,/galˈto/,v.,love
galvoet,/galvoˈet/,v.,increase; expand; extend; boost; exacerbate
gamap,/gaˈmap/,n.,venue
gambaca,/gambaˈka/,n.,symbol; motif
gamekib,/gameˈkib/,n.,system
gampanek,/gampaˈnek/,n.,militia
gamparol,/gampaˈrol/,v.,sigh
gan,/gan/,n.,example
ganatpi,/ganatˈpi/,v.,practice
ganbal,/ganˈbal/,n.,plot
gancal,/ganˈkal/,v.,rehearse
ganebrin,/ganeˈbrin/,v.,march
ganpi,/ganˈpi/,n.,academy
ganpiak,/ganpiˈak/,adj.,academic
ganron,/gaˈnron/,v.,chat
gansi,/ganˈsi/,v.,meditate
gantaeq,/gantaˈeq/,n.,spice
gantoab,/gantoˈab/,n.,idiot; fool
gapan,/gaˈpan/,n.,oven
garodel,/garoˈdel/,n.,navy
gaso,/gaˈso/,adj.,common; frequent; generic
gavuncum,/gavunˈkum/,v.,restrain; inhibit
ge,/ge/,n.,sap
gebalsil,/gebalˈsil/,v.,try (strive); struggle
gebiran,/gebiˈran/,v.,damage; impair
gebiran,/gebiˈran/,n.,damage
gedilra,/gediˈlra/,adj.,native
gel,/gel/,pron.,everybody
gelaqban,/gelaqˈban/,n.,air; gas; atmosphere; oxygen
gelconir,/gelkoˈnir/,n.,jelly; jam
gelpalvi,/gelpalˈvi/,n.,tenant
gelqon,/gelˈqon/,n.,object
gem,/gem/,v.,scare; frighten; startle
gemut,/geˈmut/,v.,dare
gen,/gen/,n.,dragon
genpil,/genˈpil/,v.,install; set up; prepare
genwelba,/genwelˈba/,n.,prince
geot,/geˈot/,n.,salt; spice
gepote,/gepoˈte/,v.,interrogate
gepucul,/gepuˈkul/,v.,stay; remain
geub,/geˈub/,v.,flow
gevunab,/gevuˈnab/,n.,wardrobe
gewa,/geˈwa/,v.,elaborate
gewam,/geˈwam/,adv.,when
giaguw,/giaˈguw/,n.,minute
giasok,/giaˈsok/,v.,bite
gibaro,/gibaˈro/,n.,university
gibenik,/gibeˈnik/,v.,tolerate
gigaval,/gigaˈval/,n.,middle class
gigo,/giˈgo/,v.,bloom; blossom; flourish
gil,/gil/,num.,two
gilqa,/gilˈqa/,adj.,violent
gilqaik,/gilqaˈik/,n.,violence
gimos,/giˈmos/,adj.,straight; steep
gimpe,/gimˈpe/,v.,fuck (slang)
gin,/gin/,n.,boy; son
ginaq,/giˈnaq/,n.,survey
ginbo,/ginˈbo/,n.,hero; protagonist; idol
gindigum,/gindiˈgum/,n.,play (stage play)
ginosda,/ginosˈda/,v.,freeze; paralyze
gipilwa,/gipiˈlwa/,v.,save (put aside); rescue; liberate
giqi,/giˈqi/,adj.,cool (fashionable)
giqon,/giˈqon/,adj.,arrogant
girolre,/giroˈlre/,adj.,cold; crisp; cool (slightly cold)
giva,/giˈva/,v.,pinch
givosa,/givoˈsa/,n.,contract
go,/go/,n.,brother
goabuq,/goaˈbuq/,n.,moment
gobol,/goˈbol/,v.,drop; collapse; topple
godu,/goˈdu/,adj.,confident; certain; sure
goduik,/goduˈik/,n.,confidence
godut,/goˈdut/,adv.,certainly
goepca,/goepˈka/,v.,circulate; publish
goepcaq,/goepˈkaq/,n.,circulation
goes,/goˈes/,adj.,ripe
gogumuk,/goguˈmuk/,n.,buffalo
gokeab,/gokeˈab/,n.,load
gokinid,/gokiˈnid/,n.,organ
gol,/gol/,n.,basket
golcamov,/golkaˈmov/,n.,shooting star
golco,/golˈko/,n.,lock
golep,/goˈlep/,n.,plant
gom,/gom/,adj.,right (direction)
gomos,/goˈmos/,n.,scandal
gomsuaq,/gomsuˈaq/,v.,wait
gotaib,/gotaˈib/,n.,mural
gotom,/goˈtom/,n.,topic; theme
gu,/gu/,prep.,to; towards
guabda,/guabˈda/,n.,ring
guawqu,/guawˈqu/,n.,look; appearance (looks)
gucuvu,/gukuˈvu/,n.,aunt
gudim,/guˈdim/,v.,bang; fuck (slang)
gudoncon,/gudonˈkon/,n.,scale (skin of reptiles)
guewwin,/gueˈwwin/,n.,cement
guibqul,/guibˈqul/,n.,resident
gul,/gul/,n.,grandfather
gulagqi,/gulagˈqi/,adj.,different; distinct; various; unique
gulagqiik,/guˌlagqiˈik/,n.,difference
gulcanril,/gulkaˈnril/,adj.,quick; swift
gulcanrili,/gulˌkanriˈli/,adv.,quickly
guldo,/gulˈdo/,v.,jump; leap
gulpepi,/gulpeˈpi/,adv.,always; all the time
gulse,/gulˈse/,n.,toddler
gum,/gum/,n.,temperature
gumba,/gumˈba/,n.,funeral
gumpum,/gumˈpum/,adj.,naive
gupam,/guˈpam/,n.,boulder
gurimad,/guriˈmad/,n.,paper
gurimad ebik,/guriˈmad eˈbik/,n.,foil
gutequm,/guteˈqum/,n.,gun; rifle; pistol
guva,/guˈva/,n.,mustache
ib,/ib/,num.,hundred
ibabre,/ibaˈbre/,v.,qualify
ibbabu,/ibbaˈbu/,v.,linger
ibbin,/ibˈbin/,v.,stir; toss; mix; stoke
ibbo,/ibˈbo/,v.,export
ibbon,/ibˈbon/,v.,become (begin to be); become (change into)
ibcatu,/ibkaˈtu/,v.,test; analyze
ibcatuq,/ibkaˈtuq/,n.,exam
ibconar,/ibkoˈnar/,adv.,again
ibesbe,/ibesˈbe/,n.,sketch
ibib,/iˈbib/,v.,wrestle
ibidub,/ibiˈdub/,v.,argue
ibidube,/iˌbiduˈbe/,n.,argument
ibip,/iˈbip/,v.,shave; trim
ibiv,/iˈbiv/,n.,step (one level of stairs)
ibobbo,/ibobˈbo/,v.,deny; reject; dismiss; expel; vomit
ibobbon,/ibobˈbon/,n.,border; boundary; verge
ibobdu,/ibobˈdu/,conj.,because
iboctol,/ibokˈtol/,v.,return; go back; replace
iboctol,/ibokˈtol/,n.,return
ibokiv,/iboˈkiv/,v.,infect
ibpan,/ibˈpan/,n.,niche
ibran,/iˈbran/,n.,drama
ibtamti,/ibtamˈti/,v.,enforce; compel
ibtogil,/ibtoˈgil/,v.,recycle
ibwu,/iˈbwu/,n.,architecture
icabew,/ikaˈbew/,n.,court (of law)
icadpe,/ikadˈpe/,n.,pear
icaqdu,/ikaqˈdu/,n.,boat; ship; raft
icavbom,/ikavˈbom/,adj.,confidential
icbunib,/ikbuˈnib/,v.,jam
icga,/ikˈga/,n.,nurse
icgaran,/ikgaˈran/,n.,spine
icod,/iˈkod/,n.,fan
icpa,/ikˈpa/,adj.,elite
icpomar,/ikpoˈmar/,n.,logo
icra,/iˈkra/,n.,heel
icrada,/ikraˈda/,v.,whistle
ictal,/ikˈtal/,v.,wrap; drape; fold
ictemgem,/iktemˈgem/,prep.,according to
ictu,/ikˈtu/,n.,bean
icuduk,/ikuˈduk/,adj.,live
icuteb,/ikuˈteb/,n.,hat
id,/id/,n.,mouth
idabru,/idaˈbru/,n.,medicine
idabruak,/iˌdabruˈak/,adj.,medical
idak,/iˈdak/,adj.,oral
idaqbi,/idaqˈbi/,adv.,soon
idbampi,/idbamˈpi/,n.,affection
idge,/idˈge/,v.,supply; cater
idos,/iˈdos/,n.,media
idotoq,/idoˈtoq/,v.,work (function); operate
idpa,/idˈpa/,n.,glass
idpa bul,/idˈpa bul/,n.,glasses
idpa qebamgu,/idˈpa qebamˈgu/,n.,lens
idpambul,/idpamˈbul/,adj.,humble; modest
idpimqa,/idpimˈqa/,v.,graduate
idqol,/idˈqol/,v.,glide
idqove,/idqoˈve/,n.,prison; jail; dungeon
idtangan,/idtanˈgan/,v.,ruin
idtumwe,/idtuˈmwe/,v.,expect; anticipate; assume; presume
iducgam,/idukˈgam/,v.,work (have desired result); carry out
idug,/iˈdug/,n.,vegetable
idug soiqer,/iˈdug soiˈqer/,n.,cabbage
idugev,/iduˈgev/,n.,grocer
idwaeb,/idwaˈeb/,adv.,very; really; pretty
ig,/ig/,pron.,none
igbanpam,/igbanˈpam/,v.,regret; lament
igbo,/igˈbo/,n.,formula
igbobe,/igboˈbe/,n.,romance
igik,/iˈgik/,adj.,keen
igirob,/igiˈrob/,n.,nursery
igok,/iˈgok/,n.,bucket
igoqvo,/igoqˈvo/,v.,tangle
igqalur,/igqaˈlur/,v.,penetrate
igranba,/igranˈba/,v.,accuse
igtu,/igˈtu/,adj.,nice
igus,/iˈgus/,adj.,black
igvica,/igviˈka/,v.,forge
ik,/ik/,adj.,last (final); last (previous)
ikeber,/ikeˈber/,n.,vent
ikeg,/iˈkeg/,pron.,someone; somebody
ikewbil,/ikewˈbil/,adj.,beautiful; attractive
ikewbilik,/iˌkewbiˈlik/,n.,beauty
ikib,/iˈkib/,v.,restrict; inhibit
ikig,/iˈkig/,n.,animal; creature; pet
ikitpan,/ikitˈpan/,adj.,loyal
ikselpi,/ikselˈpi/,n.,credit (recognition)
iksiluw,/iksiˈluw/,n.,picture
ip,/ip/,n.,elbow
ipat,/iˈpat/,adj.,rugged
ipba,/ipˈba/,v.,hike
ipbilcu,/ipbilˈku/,n.,dump
ipca,/ipˈka/,n.,hay
ipcolva,/ipkolˈva/,n.,custom
ipdaot,/ipdaˈot/,adj.,vague; ambiguous; obscure
ipdom,/ipˈdom/,v.,accumulate
ipebak,/ipeˈbak/,v.,balance
ipecdi,/ipekˈdi/,n.,cuff
ipgalpa,/ipgalˈpa/,adj.,intimate
ipibrol,/ipiˈbrol/,n.,zoo
ipiq,/iˈpiq/,v.,report
ipiq,/iˈpiq/,n.,report
ipiv,/iˈpiv/,n.,saint
ipovsem,/ipovˈsem/,n.,hell
ippenad,/ippeˈnad/,n.,cell (room in a prison); compartment
ipsi,/ipˈsi/,v.,resist; withstand
ipvalis,/ipvaˈlis/,v.,hide; lurk
ipvonki,/ipvonˈki/,adv.,far; away
ipvul,/ipˈvul/,v.,incorporate
iq,/iq/,n.,trade
iqad,/iˈqad/,n.,coral
iqatid,/iqaˈtid/,n.,surge
iqbalba,/iqbalˈba/,n.,fact; evidence; clue; symptom
iqbalbaik,/iqˌbalbaˈik/,adj.,evident
iqdaib,/iqdaˈib/,n.,autumn
iqes,/iˈqes/,pron.,something
iqgel,/iqˈgel/,n.,garbage; trash; rubbish; junk
iqobir,/iqoˈbir/,n.,prototype
iqotod,/iqoˈtod/,n.,controversy
iqpa,/iqˈpa/,n.,soap
iqqu,/iqˈqu/,adj.,lethal; fatal
iqri,/iˈqri/,n.,tiger
iqua,/iˈkwa/,v.,cover
ique,/iˈkwe/,n.,forest; jungle
iqwe,/iˈqwe/,v.,seem; appear; manifest
iqweq,/iˈqweq/,n.,appearance (act of appearing)
ir,/ir/,n.,world; universe
iravvi,/iravˈvi/,adj.,boring
irbelba,/irbelˈba/,n.,shoe; boot
irben,/irˈben/,adj.,false; fake
irca,/irˈka/,v.,introduce
ircol,/irˈkol/,n.,backpack
ircul,/irˈkul/,v.,growl; roar
irgun,/irˈgun/,n.,horizon
irik,/iˈrik/,adj.,benign
irpel,/irˈpel/,v.,be (temporary state); be (located)
irpi,/irˈpi/,v.,stand
irpute,/irpuˈte/,n.,destination
irreke,/irreˈke/,n.,light
irton,/irˈton/,adj.,eager
irtuse,/irtuˈse/,n.,speed; velocity
irut,/iˈrut/,n.,circus
is,/is/,v.,study; learn
is,/is/,n.,study
isbom,/isˈbom/,v.,hum
iscumpa,/iskumˈpa/,adj.,internal; interior
iscumpaik,/isˌkumpaˈik/,n.,interior
isdasu,/isdaˈsu/,n.,combat
isedwi,/iseˈdwi/,n.,composite; hybrid
isetdil,/isetˈdil/,n.,voucher
isigos,/isiˈgos/,v.,estimate
isoppu,/isopˈpu/,n.,trench
istem,/isˈtem/,adj.,stubborn
isvo,/isˈvo/,n.,skirt
iswu,/iˈswu/,adj.,alone
it,/it/,v.,be (age)
itbomgen,/itbomˈgen/,adj.,rough; raw
itca,/itˈka/,v.,reflect
itcaob,/itkaˈob/,adj.,gradual
itcaq,/itˈkaq/,n.,reflection
itdolsa,/itdolˈsa/,n.,ball
itdu,/itˈdu/,n.,result; outcome
itdunco,/itdunˈko/,n.,letter (of an alphabet)
itetsil,/itetˈsil/,n.,pain
itetsilik,/iˌtetsiˈlik/,adj.,painful
itip,/iˈtip/,v.,wreck; devastate
itisran,/itiˈsran/,v.,blend
itki,/itˈki/,n.,linguistics
itop,/iˈtop/,n.,orgasm
itsin,/itˈsin/,v.,compose
ittenqil,/ittenˈqil/,adj.,massive; enormous
itubwa,/ituˈbwa/,n.,dish; bowl; container; pot; platter
itubwat,/ituˈbwat/,n.,cauldron
itudok,/ituˈdok/,n.,seizure
itvul,/itˈvul/,n.,team; gang
iv,/iv/,v.,help; assist; relieve
ivavcom,/ivavˈkom/,v.,give; deliver; provide; transfer; supply; arm
ivbam,/ivˈbam/,n.,mafia; mob
ivbaqin,/ivbaˈqin/,v.,rule
ive,/iˈve/,n.,help
iveksel,/ivekˈsel/,v.,cast; fling; hurl
ivgin,/ivˈgin/,n.,hammer
ivkin,/ivˈkin/,n.,phrase
ivvi,/ivˈvi/,adj.,pretty
ivwel,/iˈvwel/,v.,beg; appeal
iw,/iw/,n.,country (nation)
iwap,/iˈwap/,n.,mammal
iwbemcum,/iwbemˈkum/,v.,look out; watch out
iwbulsim,/iwbulˈsim/,v.,skid
iwcoiw,/iwkoˈiw/,v.,stab; pierce
iwob,/iˈwob/,adj.,selfish
iwpaldul,/iwpalˈdul/,n.,name; title
iwpen,/iwˈpen/,v.,approve; authorize; endorse
iwqutu,/iwquˈtu/,n.,firearm
iwra,/iˈwra/,n.,hut; shack
iwri,/iˈwri/,n.,shore; coast
iwsecal,/iwseˈkal/,n.,luxury
iwtu,/iwˈtu/,adj.,corrupt
iwuqbul,/iwuqˈbul/,v.,cooperate; collaborate
iwus,/iˈwus/,n.,ornament; accessory; fixture
iwus siwe,/iˈwus siˈwe/,n.,bracelet
keavsi,/keavˈsi/,v.,swing; dangle; hang
keaw,/keˈaw/,v.,embark
kecamaq,/kekaˈmaq/,n.,beverage
kedanas,/kedaˈnas/,adj.,premier
keip,/keˈip/,n.,glue; paste
keiwop,/keiˈwop/,v.,cut; divide; shave; segregate
kelaqip,/kelaˈqip/,n.,series
kelawre,/kelaˈwre/,v.,rinse
kelbalre,/kelbaˈlre/,n.,memento; souvenir
kelki,/kelˈki/,n.,eyelash
kelotbi,/kelotˈbi/,n.,center; nucleus; embryo
kelotbiik,/keˌlotbiˈik/,adj.,central
kelsal,/kelˈsal/,v.,nag
kem,/kem/,adj.,former
kemarse,/kemarˈse/,v.,forgive; excuse; vindicate; pardon
kemas,/keˈmas/,n.,chasm
kembo,/kemˈbo/,n.,curtain; veil
kemcuek,/kemkuˈek/,n.,harmony
kemdantu,/kemdanˈtu/,v.,lie
kemdantu,/kemdanˈtu/,n.,lie
kemeb,/keˈmeb/,conj.,if; whether
kemetib,/kemeˈtib/,v.,stalk
kemisba,/kemisˈba/,n.,flour
kemopuv,/kemoˈpuv/,n.,impulse
kemsunsi,/kemsunˈsi/,prep.,beside
ken,/ken/,n.,secret; mystery
kendeba,/kendeˈba/,n.,string; cord
kenerwa,/keneˈrwa/,n.,currency
kenik,/keˈnik/,adj.,similar
kenroba,/kenroˈba/,n.,sling
kenucad,/kenuˈkad/,adv.,why
kenur,/keˈnur/,v.,protest
kenwapan,/kenwaˈpan/,v.,send
keocpa,/keokˈpa/,adj.,deep
keorqal,/keorˈqal/,n.,diamond
keowbo,/keowˈbo/,v.,wash
keporu,/kepoˈru/,n.,destiny; fate
kepumga,/kepumˈga/,v.,wink
keqape,/keqaˈpe/,n.,gap; cleavage
kerelir,/kereˈlir/,n.,merchandise
kerilwel,/keriˈlwel/,n.,cannon
kesuob,/kesuˈob/,v.,ask (invite); call (request the attendance of)
ketada,/ketaˈda/,n.,glacier
ketomed,/ketoˈmed/,n.,rank (military)
keve,/keˈve/,v.,scan
kevempi,/kevemˈpi/,adj.,serial
kewel,/keˈwel/,n.,agriculture
kewil,/keˈwil/,n.,guest
ki,/ki/,det.,many
kiabpo,/kiabˈpo/,n.,calf
kiad,/kiˈad/,adj.,immune
kiadpel,/kiadˈpel/,n.,acquaintance
kiasta,/kiasˈta/,v.,swim
kiba,/kiˈba/,n.,interview
kibedin,/kibeˈdin/,n.,price; fee; salary; bill; check
kibel,/kiˈbel/,v.,punish; abuse; violate
kiberil,/kibeˈril/,v.,stare
kibi,/kiˈbi/,v.,notify; inform
kibu,/kiˈbu/,n.,date
kicanpom,/kikanˈpom/,prep.,by (using the means of); by (using a route)
kiditom,/kidiˈtom/,v.,grab; clutch; grasp; grip
kiewsa,/kiewˈsa/,n.,rule (law; regulation); condition (requirement; stipulation)
kikiki,/kikiˈki/,adj.,wrong
kikilir,/kikiˈlir/,n.,staple
kikilqi,/kikilˈqi/,n.,segment
kilbi,/kilˈbi/,n.,servant
kildomep,/kildoˈmep/,n.,environment (natural world)
kilkimvin,/kilkimˈvin/,v.,buy; purchase; shop
kilkimvin palra,/kilkimˈvin paˈlra/,n.,cafe
kilvim,/kilˈvim/,n.,pumpkin
kim,/kim/,n.,rib
kimad,/kiˈmad/,v.,charm
kimculva,/kimkulˈva/,n.,mathematics
kimda,/kimˈda/,n.,artillery
kimeb,/kiˈmeb/,n.,technology
kimebak,/kimeˈbak/,adj.,technological
kimib,/kiˈmib/,n.,medium
kimkelap,/kimkeˈlap/,n.,double
kimpon,/kimˈpon/,adj.,triple
kimtelit,/kimteˈlit/,n.,scrap
kimvon,/kimˈvon/,n.,view; opinion; panorama
kin,/kin/,adv.,down
kin punpu,/kin punˈpu/,n.,dusk
kinbopi,/kinboˈpi/,n.,process; procedure
kindi,/kinˈdi/,n.,canvas
kinidcam,/kinidˈkam/,n.,cabin; inn; lodge
kinpel,/kinˈpel/,v.,respect
kinpel,/kinˈpel/,n.,respect
kinqul,/kinˈqul/,n.,village; suburb
kinvawa,/kinvaˈwa/,n.,nephew
kinvevi,/kinveˈvi/,v.,implement
kinvidel,/kinviˈdel/,n.,dome
kiosik,/kioˈsik/,v.,know (be acquainted with)
kipedi,/kipeˈdi/,adj.,subtle; elusive
kipediik,/kiˌpediˈik/,n.,subtlety
kiri,/kiˈri/,adj.,spontaneous
kiro,/kiˈro/,v.,situate
kisen,/kiˈsen/,n.,greed
kisenik,/kiseˈnik/,adj.,greedy
kisoiv,/kisoˈiv/,v.,admire
kison,/kiˈson/,v.,sniff
kitin,/kiˈtin/,n.,lust
kiwe,/kiˈwe/,n.,spring (coil)
ob,/ob/,v.,check; review; confirm; prove
obadwa,/obaˈdwa/,n.,money
obapvel,/obapˈvel/,adj.,clear; transparent
obavvi,/obavˈvi/,v.,vibrate; rattle; shiver
obbam,/obˈbam/,v.,read
obbiri,/obbiˈri/,n.,game
obcamat,/obkaˈmat/,v.,control
obcamat,/obkaˈmat/,n.,control
obe,/oˈbe/,n.,proof
obgivo,/obgiˈvo/,n.,fog; mist
obivge,/obivˈge/,n.,square
obiw,/oˈbiw/,v.,pronounce; express
obobes,/oboˈbes/,n.,dairy
obowwu,/oboˈwwu/,v.,marinate
obpaldi,/obpalˈdi/,v.,roam; prowl; wander; migrate
obpin,/obˈpin/,n.,message
obrilgi,/obrilˈgi/,n.,page
obriqan,/obriˈqan/,n.,rabbit
obub,/oˈbub/,n.,silence
obubik,/obuˈbik/,adj.,silent
obud,/oˈbud/,n.,south
obwanro,/obwaˈnro/,n.,liquor
obwel,/oˈbwel/,n.,coat; jacket
ocaqbu,/okaqˈbu/,n.,skeptic; cynic
ocar,/oˈkar/,n.,comb
ocdamta,/okdamˈta/,n.,supervisor
ocdato,/okdaˈto/,v.,eat
ocde,/okˈde/,n.,void
ockeca,/okkeˈka/,v.,neglect; overlook
ockeov,/okkeˈov/,n.,family (related by blood); clan
ockewol,/okkeˈwol/,n.,society
ockiaq,/okkiˈaq/,n.,veteran
ockol,/okˈkol/,n.,hunger
ockolik,/okkoˈlik/,adj.,hungry
ocveram,/okveˈram/,n.,darling
od,/od/,n.,knowledge
odba,/odˈba/,v.,illuminate
odban,/odˈban/,n.,dune
odbieb,/odbiˈeb/,n.,tribute
odbo,/odˈbo/,n.,thesis
odbu,/odˈbu/,n.,eagle
odgol,/odˈgol/,v.,add; combine
odirben,/odirˈben/,n.,device; appliance; fixture
odog,/oˈdog/,n.,priority
odradon,/odraˈdon/,prep.,of
odram,/oˈdram/,n.,earring
odrari,/odraˈri/,n.,brothel
odsadil,/odsaˈdil/,v.,state; declare; say
odup,/oˈdup/,v.,know (a fact)
odvendu,/odvenˈdu/,n.,radius
odvilke,/odvilˈke/,n.,hub (center of activity)
og,/og/,adv.,just
ogcamsa,/ogkamˈsa/,n.,slice; flake
oggenak,/oggeˈnak/,n.,diet
oggimtan,/oggimˈtan/,n.,authority
oggimtanup,/ogˌgimtaˈnup/,v.,authorize
ogiw,/oˈgiw/,n.,genetics
ogken,/ogˈken/,adj.,thick; wide; broad
ogoqsa,/ogoqˈsa/,n.,accident
ogpa,/ogˈpa/,n.,elf
ogpiwu,/ogpiˈwu/,n.,job; career
ogpu,/ogˈpu/,n.,curl
ogqoson,/ogqoˈson/,n.,police
ogvuib,/ogvuˈib/,adj.,fine (okay)
ogwe,/oˈgwe/,v.,scratch
ok,/ok/,v.,deal; haggle; negotiate
op,/op/,adj.,close; intimate
opben,/opˈben/,v.,deteriorate
opbimgu,/opbimˈgu/,n.,summer
opbogo,/opboˈgo/,n.,capsule; tablet
opebwem,/opeˈbwem/,n.,bracket
opqa,/opˈqa/,n.,lake; pond
opqaki,/opqaˈki/,n.,athlete
opqem,/opˈqem/,n.,book; novel; fiction
opqem pum,/opˈqem pum/,n.,notebook
opqemev,/opqeˈmev/,n.,library
opramet,/opraˈmet/,n.,disgust
optu,/opˈtu/,n.,swamp
opubid,/opuˈbid/,adj.,ambiguous; elusive
opvagom,/opvaˈgom/,v.,afford
opvi,/opˈvi/,v.,require; lack
oqap,/oˈqap/,n.,letter (written document)
oqas,/oˈqas/,n.,painting
oqbanes,/oqbaˈnes/,n.,underwear
oqcan,/oqˈkan/,v.,answer; reply
oqcan,/oqˈkan/,n.,answer
oqiv,/oˈqiv/,n.,foam
oqob,/oˈqob/,n.,stake
oqqem,/oqˈqem/,adv.,once
oqui,/oˈkwi/,v.,squat; crouch
or,/or/,num.,billion
orbo,/orˈbo/,n.,vein
orep,/oˈrep/,n.,acronym
oridat,/oriˈdat/,adj.,appropriate
oroqtal,/oroqˈtal/,v.,clear
oroqtali,/oˌroqtaˈli/,adv.,clearly
orpegal,/orpeˈgal/,v.,poise
orpuev,/orpuˈev/,n.,wind; breeze
orsenub,/orseˈnub/,n.,silk
orti,/orˈti/,n.,tie
oruswam,/oruˈswam/,v.,carry
orva,/orˈva/,v.,replace; substitute
orwel,/oˈrwel/,v.,retreat
os,/os/,adj.,great (excellent); awesome
osbical,/osbiˈkal/,n.,son
osbu,/osˈbu/,adj.,recent
osco,/osˈko/,v.,listen
osdenca,/osdenˈka/,adj.,sensible
osep,/oˈsep/,adj.,normal; regular
oskem,/osˈkem/,adj.,basic
osken,/osˈken/,adj.,young
oskenik,/oskeˈnik/,n.,youth
ospa,/osˈpa/,v.,fascinate
ospupe,/ospuˈpe/,n.,capital (city)
ossi,/osˈsi/,n.,shield; armor; apron
osub,/oˈsub/,adj.,clean
osub,/oˈsub/,v.,clean
osvam,/osˈvam/,adj.,deliberate
ot,/ot/,det.,what
ot,/ot/,pron.,what
otbanga,/otbanˈga/,v.,manufacture
otbe,/otˈbe/,v.,invest
otbon,/otˈbon/,v.,cost
otbon,/otˈbon/,n.,cost
otbonik,/otboˈnik/,adj.,expensive
otippom,/otipˈpom/,n.,conference
otowbo,/otowˈbo/,n.,fly
otpelse,/otpelˈse/,n.,grill; barbecue
otqu,/otˈqu/,n.,cotton
otren,/oˈtren/,n.,juice; syrup
otrisu,/otriˈsu/,v.,abandon; desert
otub,/oˈtub/,n.,engine; motor
otvegol,/otveˈgol/,n.,bass
ov,/ov/,n.,mail
ovattul,/ovatˈtul/,n.,column; pillar; mast
ovbembe,/ovbemˈbe/,n.,total; amount
ovbum,/ovˈbum/,n.,neck; throat
ovca,/ovˈka/,v.,yank; jerk
ovdenwal,/ovdeˈnwal/,adj.,precious; rare
ovdunbum,/ovdunˈbum/,v.,collect; deposit; compile
overaw,/oveˈraw/,adj.,probable
overawi,/oˌveraˈwi/,adv.,probably
ovir,/oˈvir/,adj.,absurd
ovwan,/oˈvwan/,n.,arm; hand; branch (tree part)
ovwueb,/ovwuˈeb/,n.,crowd; audience
ow,/ow/,interj.,okay
owabqin,/owabˈqin/,n.,tea
owad,/oˈwad/,n.,lightning
owba,/owˈba/,n.,specimen
owbo,/owˈbo/,v.,annoy; bother; agitate
owga,/owˈga/,n.,ash
owib,/oˈwib/,n.,partner
owqi,/owˈqi/,n.,bag
owqi abki,/owˈqi abˈki/,n.,pocket
pa,/pa/,n.,plate; tray; platter
pabaco,/pabaˈko/,prep.,including
pabimur,/pabiˈmur/,n.,park
pabo,/paˈbo/,v.,smirk
pabulcun,/pabulˈkun/,adj.,stable; steady; calm; safe
pacalbe,/pakalˈbe/,prep.,during
pada,/paˈda/,n.,goat
padamda,/padamˈda/,n.,receipt
pade,/paˈde/,adj.,exotic
padel,/paˈdel/,adj.,short; low
padi,/paˈdi/,n.,meal
padipi,/padiˈpi/,v.,implant; embed
padulud,/paduˈlud/,v.,name; dub
paet,/paˈet/,n.,religion; cult
paetak,/paeˈtak/,adj.,religious
paicgal,/paikˈgal/,n.,leaf; sheet; foliage
paiddun,/paidˈdun/,v.,embarrass
pakenik,/pakeˈnik/,n.,time
pakenik pimvelag,/pakeˈnik pimveˈlag/,n.,season (quarter of the year)
pakidan,/pakiˈdan/,v.,edit; revise
pal,/pal/,v.,establish
palbalew,/palbaˈlew/,n.,friction
palbonqo,/palbonˈqo/,adj.,cute
palbu,/palˈbu/,n.,mission
palganwi,/palgaˈnwi/,adj.,vibrant
palir,/paˈlir/,v.,go down; descend; sink
palkimsa,/palkimˈsa/,v.,show; demonstrate; present
palra,/paˈlra/,n.,coffee
palucro,/paluˈkro/,v.,nominate
palvil,/palˈvil/,v.,segregate; discriminate
pam,/pam/,adj.,single
pamabbel,/pamabˈbel/,n.,blasphemy; heresy
pamag,/paˈmag/,n.,daughter
pambolak,/pamboˈlak/,n.,grass
pambusi,/pambuˈsi/,n.,bedroom
pamotqul,/pamotˈqul/,adj.,relevant
pamqundam,/pamqunˈdam/,n.,policy
pamrangol,/pamranˈgol/,n.,breakfast
pamucvu,/pamukˈvu/,n.,week
pamut,/paˈmut/,n.,victim
panga,/panˈga/,adj.,gay; homosexual
pangi,/panˈgi/,n.,waiter
panpa,/panˈpa/,v.,prosecute
panpe,/panˈpe/,n.,cigar
panpopi,/panpoˈpi/,adj.,reverse
panpopiq,/panpoˈpiq/,n.,reversal
panwe,/paˈnwe/,n.,rug
panwu,/paˈnwu/,v.,realize
paob,/paˈob/,n.,patriot
paobar,/paoˈbar/,n.,feast
paok,/paˈok/,n.,corn
paop,/paˈop/,n.,dwarf
paov,/paˈov/,adv.,only; merely; hardly
papamod,/papaˈmod/,v.,gather; assemble; congregate
papo,/paˈpo/,n.,insurgent; rebel
papunut,/papuˈnut/,n.,lounge; couch; sofa
paqem,/paˈqem/,n.,bread
paqem otpelse,/paˈqem otpelˈse/,n.,toast
paseva,/paseˈva/,v.,solve; figure out
pata,/paˈta/,n.,beard
pate,/paˈte/,adv.,where
pato,/paˈto/,n.,tin
paton,/paˈton/,v.,inherit
paugvi,/paugˈvi/,n.,referendum
pava,/paˈva/,v.,prefer; favor
paweto,/paweˈto/,v.,surround
pe,/pe/,num.,ten
peacap,/peaˈkap/,prep.,about; concerning; regarding
peak,/peˈak/,n.,lot
peaq,/peˈaq/,v.,drip
pear,/peˈar/,n.,shrub; bush
peavad,/peaˈvad/,v.,spank; smack; snap
peba,/peˈba/,v.,kill; murder; destroy
pebaq,/peˈbaq/,n.,destruction
pebelbol,/pebelˈbol/,n.,afternoon
pebi,/peˈbi/,adj.,last (only remaining)
pebin,/peˈbin/,v.,scramble
pede,/peˈde/,v.,knock
peiq,/peˈiq/,v.,perceive
peiqe,/peiˈqe/,n.,perception
peit,/peˈit/,n.,prestige
peiv,/peˈiv/,n.,box
peivo,/peiˈvo/,n.,trunk (large box)
peketum,/pekeˈtum/,n.,surgery
pel,/pel/,n.,mistake; error; defect
pelbo,/pelˈbo/,n.,constellation
pelgawu,/pelgaˈwu/,n.,wool; fur
peligev,/peliˈgev/,n.,heaven; paradise
pelken,/pelˈken/,v.,stop; stall; halt
pelkil,/pelˈkil/,adj.,specific; definite; particular; distinct; apparent
pelrin,/peˈlrin/,v.,slide; drift; slip
pelwesa,/pelweˈsa/,n.,hobby
pem,/pem/,n.,magazine
pemat,/peˈmat/,n.,blur
pembelba,/pembelˈba/,adj.,best
pemepge,/pemepˈge/,v.,drown; muffle
pemidgi,/pemidˈgi/,v.,accept
pen,/pen/,n.,sewage
pengimsi,/pengimˈsi/,v.,settle
pengimsiq,/pengimˈsiq/,n.,settlement (village)
penibte,/penibˈte/,n.,basil
penke,/penˈke/,n.,orbit
penpilow,/penpiˈlow/,adj.,fuzzy
pepi,/peˈpi/,n.,state (province; country)
pepopi,/pepoˈpi/,n.,compass
peqan,/peˈqan/,n.,decade
pesem,/peˈsem/,n.,channel (of water)
pete,/peˈte/,n.,food; cuisine
peteik,/peteˈik/,adj.,delicious
peti,/peˈti/,n.,rake
peva,/peˈva/,n.,liberty
pewin,/peˈwin/,n.,broth
pewomdel,/pewomˈdel/,n.,echo
pi,/pi/,n.,interest (curiosity; concern)
piban,/piˈban/,adv.,aboard
pibom,/piˈbom/,n.,bitch
picoqi,/pikoˈqi/,n.,elk
pieb,/piˈeb/,n.,region; suburb
piki,/piˈki/,v.,perch
pil,/pil/,n.,science
pil baovdal,/pil baovˈdal/,n.,geography
pil erpun,/pil erˈpun/,n.,psychology
pil suvo,/pil suˈvo/,n.,astronomy
pilabpi,/pilabˈpi/,v.,confuse; distract
pilbi,/pilˈbi/,n.,tribunal
pilbun,/pilˈbun/,n.,ankle
pilcamve,/pilkamˈve/,n.,traffic
pilcunek,/pilkuˈnek/,adj.,blank
pilqogu,/pilqoˈgu/,v.,catch; arrest
pilso,/pilˈso/,adj.,sorry
pilvevim,/pilveˈvim/,n.,island
pim,/pim/,n.,fat (component in food)
pimbim,/pimˈbim/,n.,visit
pimbo,/pimˈbo/,n.,crack
pimbo,/pimˈbo/,v.,crack
pimbonug,/pimboˈnug/,adj.,civilized
pimbonugik,/pimˌbonuˈgik/,n.,civilization
pimcam,/pimˈkam/,n.,car
pimkepon,/pimkeˈpon/,n.,joke
pimvelag,/pimveˈlag/,n.,year
pimvelsu,/pimvelˈsu/,n.,bunker
pin,/pin/,v.,call (refer to by name); name
pinot,/piˈnot/,v.,run
pinpal,/pinˈpal/,n.,helmet
pinqi,/pinˈqi/,n.,tattoo
pinur,/piˈnur/,n.,paw; hoof
pinwagi,/pinwaˈgi/,n.,strip
pipumgi,/pipumˈgi/,n.,trend
piqapa,/piqaˈpa/,v.,creep; lurk
pirim,/piˈrim/,n.,market; mall
pitaot,/pitaˈot/,n.,hurricane
pitoluk,/pitoˈluk/,v.,haunt
piuk,/piˈuk/,v.,ban; prohibit; veto
pivi,/piˈvi/,v.,envision
pivuab,/pivuˈab/,n.,update
po,/po/,prep.,per; for each
poatpi,/poatˈpi/,adv.,not
poban,/poˈban/,n.,contact
poga,/poˈga/,n.,blanket; quilt
poid,/poˈid/,n.,slogan
poidso,/poidˈso/,n.,revolution
poki,/poˈki/,v.,choose; select
pokiq,/poˈkiq/,n.,choice
pokisem,/pokiˈsem/,v.,bid
polca,/polˈka/,n.,blade; razor
polqa,/polˈqa/,n.,suit
pom,/pom/,n.,blood
pomik,/poˈmik/,adj.,bloody
pompo,/pomˈpo/,v.,swear
pomup,/poˈmup/,v.,bleed
ponke,/ponˈke/,n.,source; origin; fountain
ponpel,/ponˈpel/,n.,loop
pontolis,/pontoˈlis/,n.,past
ponuq,/poˈnuq/,v.,depend; rely on
popa,/poˈpa/,adj.,large
poqolvi,/poqolˈvi/,n.,compassion; empathy; sympathy
poqope,/poqoˈpe/,n.,vampire
posaib,/posaˈib/,n.,hedge
potul,/poˈtul/,n.,chart; diagram
pout,/poˈut/,v.,bounce
pouw,/poˈuw/,n.,erection
pova,/poˈva/,n.,grade
powan,/poˈwan/,n.,ear
pu,/pu/,v.,avoid
pubelban,/pubelˈban/,n.,product (item made)
pubelban,/pubelˈban/,n.,building
pubo,/puˈbo/,adj.,thin (narrow)
pubuqelpel,/puˌbuqelˈpel/,n.,drawing
pucagebal,/puˌkageˈbal/,n.,certificate
pucam,/puˈkam/,n.,gauge
pucol,/puˈkol/,n.,organization
pucotamvo,/puˌkotamˈvo/,n.,hate
pucumib,/pukuˈmib/,n.,sewer
puebgemve,/puˌebgemˈve/,n.,opening
pued,/puˈed/,v.,date; go out; escort
puegergum,/puˌegerˈgum/,n.,life (living organism)
puegergum ikig,/puˌegerˈgum iˈkig/,n.,wildlife
puginosda,/puˌginosˈda/,n.,frost
puibokiv,/puˌiboˈkiv/,n.,infection
puke,/puˈke/,n.,choir; chorus
pukeiwop,/puˌkeiˈwop/,n.,cut
pukibel,/pukiˈbel/,n.,abuse
pul,/pul/,adj.,pink
puldabul,/puldaˈbul/,v.,stack
puldu,/pulˈdu/,n.,excrement; shit
pulqecal,/pulqeˈkal/,n.,cone
pultimram,/pultiˈmram/,v.,deserve
pulub,/puˈlub/,n.,sheep
pum,/pum/,n.,note
pumob,/puˈmob/,n.,sphere
pumsa,/pumˈsa/,n.,cupboard
pun,/pun/,n.,law
punak,/puˈnak/,adj.,legal
punap,/puˈnap/,adj.,acute
punbal,/punˈbal/,v.,try (test out); test
punbe,/punˈbe/,prep.,for (a period of time or length of distance)
punbi,/punˈbi/,n.,benefit; profit
puncu,/punˈku/,v.,strip
punid,/puˈnid/,v.,recite
punovvam,/punovˈvam/,n.,roof; ceiling; maximum
punpu,/punˈpu/,n.,sun
puob,/puˈob/,adj.,left
puogte,/puogˈte/,n.,leather
puos,/puˈos/,n.,hill
pupamge,/pupamˈge/,v.,value
pupamgeq,/pupamˈgeq/,n.,value
pupios,/pupiˈos/,n.,offspring
pupugul,/pupuˈgul/,n.,flood
purasaer,/puˌrasaˈer/,n.,insurance
pureopab,/puˌreoˈpab/,n.,record
pusiub,/pusiˈub/,n.,relationship
pusun,/puˈsun/,n.,tide
putembilra,/puˌtembiˈlra/,n.,spelling
puti,/puˈti/,n.,click
putu,/puˈtu/,v.,drink
putu,/puˈtu/,n.,drink
putu evkipen,/puˈtu evkiˈpen/,n.,potion
puva,/puˈva/,n.,trouble
puvepan,/puveˈpan/,n.,elevation
puvoad,/puvoˈad/,v.,relax; relieve
puvubupen,/puˌvubuˈpen/,n.,detention
puwe,/puˈwe/,v.,crush; grind; smash; crumple; cram; squeeze
qa,/qa/,prep.,along
qaba,/qaˈba/,n.,statistic
qabaop,/qabaˈop/,adj.,weak; fragile
qabopan,/qaboˈpan/,v.,panic
qacaltol,/qakalˈtol/,n.,drill
qadolqul,/qadolˈqul/,n.,chapter
qaduba,/qaduˈba/,n.,hair (of body); fur
qaduba qauq,/qaduˈba qaˈuq/,n.,pubic hair
qaebis,/qaeˈbis/,n.,kid
qaga,/qaˈga/,adj.,special
qagaik,/qagaˈik/,n.,characteristic
qagat,/qaˈgat/,adv.,especially
qageto,/qageˈto/,v.,torture; oppress
qagu,/qaˈgu/,n.,twilight
qagulvel,/qagulˈvel/,v.,watch; look; monitor; spectate
qaik,/qaˈik/,v.,stress; emphasize
qaiqiw,/qaiˈqiw/,n.,bank; fund
qakilpe,/qakilˈpe/,n.,closure
qal,/qal/,v.,strive
qalgu,/qalˈgu/,n.,posture (bodily position)
qalkim,/qalˈkim/,n.,courtesy
qalkin,/qalˈkin/,v.,govern; reign; dominate
qalkine,/qalkiˈne/,n.,government
qalsal,/qalˈsal/,n.,offer
qalsal,/qalˈsal/,v.,offer
qam,/qam/,adj.,easy; simple; poor
qami,/qaˈmi/,adv.,simply
qan,/qan/,adj.,next
qanbampi,/qanbamˈpi/,v.,count
qanbampi vupe,/qanbamˈpi vuˈpe/,n.,census
qanob,/qaˈnob/,v.,swallow
qanwim,/qaˈnwim/,n.,officer
qaok,/qaˈok/,adj.,ignorant
qapentam,/qapenˈtam/,adj.,due
qaqe,/qaˈqe/,n.,axis; axle
qaqomit,/qaqoˈmit/,v.,arouse
qaso,/qaˈso/,n.,giant
qata,/qaˈta/,v.,drench; saturate
qataltil,/qatalˈtil/,n.,cloak
qauq,/qaˈuq/,n.,sex
qauqik,/qauˈqik/,adj.,sexual
qauwge,/qauwˈge/,adj.,soft; gentle
qavu,/qaˈvu/,v.,release; let go; let out
qawa,/qaˈwa/,n.,shadow
qe,/qe/,v.,move; come
qead,/qeˈad/,n.,cart; wagon; carriage
qear,/qeˈar/,n.,constitution
qebamgu,/qebamˈgu/,prep.,through
qebe,/qeˈbe/,v.,fill
qebemgi,/qebemˈgi/,v.,relieve
qecugul,/qekuˈgul/,n.,weather; climate
qeduwa,/qeduˈwa/,n.,winter
qeiw,/qeˈiw/,v.,guard; patrol
qekiop,/qekiˈop/,n.,nose; point
qel,/qel/,n.,table; counter (flat; elevated surface); bench; plateau
qelibub,/qeliˈbub/,adj.,pregnant
qelowaq,/qeloˈwaq/,n.,station (railroad; bus)
qelpuba,/qelpuˈba/,v.,soak
qelqaqe,/qelqaˈqe/,v.,humiliate
qelup,/qeˈlup/,n.,filter
qem,/qem/,adj.,awkward
qemken,/qemˈken/,n.,tire
qemsa,/qemˈsa/,n.,adventure
qen,/qen/,v.,fly
qene,/qeˈne/,n.,flight
qenig,/qeˈnig/,n.,advice
qenovken,/qenovˈken/,n.,trunk (of tree); stem
qenrim,/qeˈnrim/,n.,butt
qentu,/qenˈtu/,n.,clinic
qeok,/qeˈok/,n.,fin (of fish)
qeorpan,/qeorˈpan/,prep.,under; below
qepa,/qeˈpa/,n.,nest; treasure
qeq,/qeq/,n.,movement; motion
qeqequ,/qeqeˈqu/,v.,sneak; lurk
qericul,/qeriˈkul/,n.,lens
qeru,/qeˈru/,n.,stand
qetulak,/qetuˈlak/,n.,style
qeurse,/qeurˈse/,adj.,fresh
qi,/qi/,n.,altitude
qias,/qiˈas/,n.,land; ground; soil
qiat,/qiˈat/,v.,fire (from job); discharge
qida,/qiˈda/,n.,man; father; husband; guy
qidevan,/qideˈvan/,v.,calculate
qidol,/qiˈdol/,n.,proverb
qied,/qiˈed/,adj.,stupid; dumb; silly
qigal,/qiˈgal/,v.,take apart; dismantle; destroy
qikenar,/qikeˈnar/,v.,matter
qil,/qil/,n.,fringe
qilbonip,/qilboˈnip/,v.,distract
qilicut,/qiliˈkut/,n.,life (lifetime); life (soul)
qilre,/qiˈlre/,n.,bill; check
qimad,/qiˈmad/,v.,bark; roar
qimbo,/qimˈbo/,adj.,flat; smooth; sleek
qimpemro,/qimpeˈmro/,n.,pole; mast
qimrum,/qiˈmrum/,v.,trade
qinbo,/qinˈbo/,n.,illusion
qincunwe,/qinkuˈnwe/,n.,committee
qinivcam,/qinivˈkam/,v.,gamble
qinsa,/qinˈsa/,n.,nerve
qintumde,/qintumˈde/,n.,door; gate; port
qipa,/qiˈpa/,n.,accent (of language); dialect
qipin,/qiˈpin/,adj.,private
qitom,/qiˈtom/,n.,lottery
qiuv,/qiˈuv/,n.,hallway; corridor; lobby
qivaep,/qivaˈep/,n.,ditch
qivamso,/qivamˈso/,v.,appreciate
qivoren,/qivoˈren/,adj.,silly
qiwalbin,/qiwalˈbin/,n.,crater; cavity
qiwiwon,/qiwiˈwon/,n.,west
qo,/qo/,n.,home
qobi,/qoˈbi/,n.,mosquito
qocomtu,/qokomˈtu/,adj.,hard; difficult
qogil,/qoˈgil/,v.,consider
qoib,/qoˈib/,n.,foot
qol,/qol/,n.,test
qolbuap,/qolbuˈap/,v.,foster
qolir,/qoˈlir/,n.,elixir
qolpe,/qolˈpe/,n.,needle
qoltam,/qolˈtam/,adj.,bald
qoltevi,/qolteˈvi/,n.,amount; quantity; volume; capacity
qomcalde,/qomkalˈde/,adj.,opposite
qomuq,/qoˈmuq/,n.,size; capacity; range; extent
qomve,/qomˈve/,v.,fall; stumble
qonca,/qonˈka/,adj.,perfect
qoncaik,/qonkaˈik/,n.,perfection
qonorre,/qonoˈrre/,n.,rhythm
qonsata,/qonsaˈta/,v.,suck; inhale
qonuqco,/qonuqˈko/,n.,clothes; clothing; garment
qopuvan,/qopuˈvan/,adj.,rare
qorel,/qoˈrel/,v.,innovate
qosen,/qoˈsen/,n.,prejudice; bias
qoti,/qoˈti/,n.,bruise
qotulag,/qotuˈlag/,n.,fence; wall
qovi,/qoˈvi/,adj.,possible; plausible
qoviik,/qoviˈik/,n.,possibility
qovim,/qoˈvim/,adj.,compact
qoviuk,/qoviˈuk/,n.,tub; basin; bath; reservoir
qowaep,/qowaˈep/,adj.,general
qu,/qu/,det.,much
quba,/quˈba/,n.,dynamics
qubube,/qubuˈbe/,v.,flirt
qububew,/qubuˈbew/,adj.,flirtatious
qucoiw,/qukoˈiw/,n.,knob
quda,/quˈda/,adj.,extreme; intense; severe; radical
quduok,/quduˈok/,adj.,neat
quegut,/queˈgut/,v.,explain; discuss; describe
quegute,/quˌeguˈte/,n.,description
quegute,/quˌeguˈte/,n.,explanation
quetti,/quetˈti/,adj.,rude; crude; nasty; vulgar
qugi,/quˈgi/,adj.,happy
qugiik,/qugiˈik/,n.,happiness
qugum,/quˈgum/,n.,nut; seed; egg
qul,/qul/,n.,germ; bacteria
qumer,/quˈmer/,v.,need (require); need (lack)
qumere,/qumeˈre/,n.,need
qumseneb,/qumseˈneb/,n.,mug
qun,/qun/,n.,fuse
qunca,/qunˈka/,v.,inject
qunge,/qunˈge/,adj.,aesthetic
qupeve,/qupeˈve/,v.,measure
qupun,/quˈpun/,n.,trap
quriek,/quriˈek/,n.,spouse
quse,/quˈse/,v.,admit; confess
qutewem,/quteˈwem/,v.,appeal
quvonuq,/quvoˈnuq/,v.,offend
quvonuqe,/quˌvonuˈqe/,adj.,offensive
ra,/ra/,det.,any
rabagim,/rabaˈgim/,v.,sit
raban,/raˈban/,n.,campaign
rabandu,/rabanˈdu/,n.,moss
rabindo,/rabinˈdo/,n.,layer; sheet
raboqe,/raboˈqe/,n.,baby; infant
radil,/raˈdil/,v.,shake; tremble; rattle; shock
raduqi,/raduˈqi/,prep.,without
rairavvi,/raˌiravˈvi/,v.,bore
ral,/ral/,n.,iron
ralabpol,/ralabˈpol/,n.,part; piece; portion
ralbabil,/ralbaˈbil/,n.,glove
ralbel,/ralˈbel/,v.,resent
ralbigo,/ralbiˈgo/,n.,mistress
ralbim,/ralˈbim/,adj.,previous
ralbimi,/ralbiˈmi/,adv.,previously
ralbu,/ralˈbu/,n.,treasure
ralcuse,/ralkuˈse/,adj.,stiff; sturdy
ralipgi,/ralipˈgi/,adj.,medium
ralkem,/ralˈkem/,n.,trauma
ralpanip,/ralpaˈnip/,interj.,hello
ralpeda,/ralpeˈda/,n.,mule
ralpi,/ralˈpi/,n.,pan; saucepan
raltintu,/raltinˈtu/,n.,chord
ralwi,/raˈlwi/,n.,fury; frenzy
ralwiik,/ralwiˈik/,adj.,furious
ram,/ram/,n.,ancestor; forefather
ramba,/ramˈba/,v.,lure
ramdo,/ramˈdo/,v.,discourage; deter
rameqcun,/rameqˈkun/,n.,emotion
rames,/raˈmes/,v.,monitor
rampa,/ramˈpa/,n.,compound
ramsi,/ramˈsi/,n.,leverage
ramtagan,/ramtaˈgan/,v.,bend; fold; twist; lean
ramven,/ramˈven/,v.,perform; behave
ramvene,/ramveˈne/,n.,action (movement)
ran,/ran/,v.,owe
randuab,/randuˈab/,n.,matter (substance; material); content
raniq,/raˈniq/,n.,scarf
ranobiv,/ranoˈbiv/,v.,negotiate
ranqimra,/ranqiˈmra/,adj.,calm; gentle
ranviop,/ranviˈop/,v.,leak; sink
raop,/raˈop/,v.,approach
rapa,/raˈpa/,n.,field; pasture; meadow; prairie
raqe,/raˈqe/,adj.,fancy
rari,/raˈri/,n.,midnight
rasaer,/rasaˈer/,v.,protect; secure; argue
rasaere,/raˌsaeˈre/,n.,protection
rasu,/raˈsu/,v.,retire
ratente,/ratenˈte/,n.,cheek
raupbi,/raupˈbi/,n.,cave; tomb; grave
raupbiev,/raˌupbiˈev/,n.,graveyard
ravin,/raˈvin/,n.,disaster; catastrophe
re,/re/,det.,each
redecu,/redeˈku/,n.,brush; brush (for hair)
regare,/regaˈre/,n.,theory; premise
reibte,/reibˈte/,n.,river; stream; creek
rel,/rel/,v.,chase
relbi,/relˈbi/,n.,block
relbumor,/relbuˈmor/,n.,course (direction of travel); direction (way)
relop,/reˈlop/,v.,smell (emit odor); stink
relosgan,/relosˈgan/,n.,chief; boss
rem,/rem/,n.,puddle
rembu,/remˈbu/,n.,target; purpose
remgen,/remˈgen/,v.,expire
remisuq,/remiˈsuq/,n.,store; shop; office
remwalek,/remwaˈlek/,v.,write
ren,/ren/,n.,parcel; package; bundle; packet
renbe,/renˈbe/,n.,overdose
rencaven,/renkaˈven/,v.,pierce; prick
rendemsom,/rendemˈsom/,n.,awe
renir,/reˈnir/,adj.,holy; sacred
renrutem,/renruˈtem/,n.,infant
reopab,/reoˈpab/,v.,record
repungol,/repunˈgol/,v.,oblige; put (cause to be)
rerel,/reˈrel/,n.,parsley
resa,/reˈsa/,adj.,favorite; popular
resil,/reˈsil/,n.,cane
retarel,/retaˈrel/,n.,saw
retarel ab,/retaˈrel ab/,n.,triangle
retiek,/retiˈek/,n.,puzzle; maze
rewueb,/rewuˈeb/,n.,card
rewumco,/rewumˈko/,v.,snatch
ri,/ri/,n.,hour; time
riabeq,/riaˈbeq/,n.,robe; gown
riakso,/riakˈso/,v.,promote
ribam,/riˈbam/,n.,crime
ribulca,/ribulˈka/,v.,scrape
ribun,/riˈbun/,v.,audit
rica,/riˈka/,n.,counsel
rida,/riˈda/,adj.,fat; obese
rida,/riˈda/,n.,fat (bodily substance)
ridam,/riˈdam/,n.,reptile
ridelpo,/ridelˈpo/,n.,waist; midriff
ridida,/ridiˈda/,n.,oyster
rierqe,/rierˈqe/,adj.,main
ril,/ril/,num.,five
rilreub,/rilreˈub/,n.,east
rilud,/riˈlud/,n.,museum
rilweis,/rilweˈis/,v.,prevent; block; intercept; arrest
rim,/rim/,v.,look; consider; glance
rimde,/rimˈde/,v.,stroke
rimerram,/rimeˈrram/,n.,customer; patron
rin,/rin/,n.,bully
rinarad,/rinaˈrad/,v.,murmur; mumble
rinaser,/rinaˈser/,n.,pavement
rinda,/rinˈda/,v.,generate; spawn
rinqa,/rinˈqa/,n.,bridge; platform
rinsil,/rinˈsil/,n.,bow (decorative material)
ripiba,/ripiˈba/,n.,back (of body); back (reverse side)
risaot,/risaˈot/,n.,millennium
risu,/riˈsu/,adj.,old; late; antique
risundim,/risunˈdim/,n.,comment
risut,/riˈsut/,adv.,recently
ritatal,/ritaˈtal/,v.,die
ritatala,/riˌtataˈla/,adj.,dead
ritatale,/riˌtataˈle/,n.,death
riva,/riˈva/,prep.,like
riwunkin,/riwunˈkin/,v.,hear
riwunkine,/riˌwunkiˈne/,n.,hearing
ro,/ro/,adj.,right; correct; appropriate
robora,/roboˈra/,n.,goal (objective); purpose
rocul,/roˈkul/,v.,skate
roeb,/roˈeb/,v.,teach; instruct; educate
rol,/rol/,n.,counter (flat; elevated surface)
rolab,/roˈlab/,v.,withdraw; take out; extract; pluck
rolisep,/roliˈsep/,v.,interrupt; interfere; intervene
rolisepe,/roˌliseˈpe/,n.,intervention
rolod,/roˈlod/,n.,mill
rolvowu,/rolvoˈwu/,n.,effort
rom,/rom/,adv.,actually
romvatam,/romvaˈtam/,n.,ward
ronasca,/ronasˈka/,n.,riot
roneb,/roˈneb/,n.,lung
ronedak,/roneˈdak/,n.,exit
ropapon,/ropaˈpon/,adv.,less
roqan,/roˈqan/,v.,breathe
rore,/roˈre/,n.,penis
rosin,/roˈsin/,v.,dig; scoop
rotanqa,/rotanˈqa/,adj.,jealous
roteco,/roteˈko/,n.,inn; lodge
roub,/roˈub/,v.,comply; conform
ru,/ru/,num.,nine
ruat,/ruˈat/,n.,camp; shack
ruepra,/rueˈpra/,v.,permit; enable
rugeak,/rugeˈak/,v.,refer; attribute
ruid,/ruˈid/,n.,guerrilla
rukeug,/rukeˈug/,n.,fan (enthusiast)
rulconda,/rulkonˈda/,adj.,vicious; cruel; wild
rulkewu,/rulkeˈwu/,v.,boil; simmer
rulpunav,/rulpuˈnav/,n.,granite
rulta,/rulˈta/,n.,stable
rultulpa,/rultulˈpa/,n.,cork
rumpite,/rumpiˈte/,n.,vocabulary; dictionary
rumvo,/rumˈvo/,n.,laundry
run,/run/,n.,rust
runecve,/runekˈve/,n.,wallet
runvi,/runˈvi/,n.,squirrel
rupi,/ruˈpi/,v.,donate
rupube,/rupuˈbe/,n.,license; patent
ruwun,/ruˈwun/,n.,nutrition
sabagul,/sabaˈgul/,v.,recommend; advise
sabol,/saˈbol/,n.,present (time)
saca,/saˈka/,v.,escape; flee; dodge
sacoqu,/sakoˈqu/,n.,compliment
sadaqim,/sadaˈqim/,adj.,evil
sadi,/saˈdi/,v.,win
sadiq,/saˈdiq/,n.,victory
sado,/saˈdo/,v.,exclude
sadote,/sadoˈte/,n.,budget
saebsi,/saebˈsi/,n.,label
saibpe,/saibˈpe/,v.,hint; imply; remind
saibpe,/saibˈpe/,n.,hint
saibqim,/saibˈqim/,n.,history
sait,/saˈit/,v.,place; lay
saivden,/saivˈden/,n.,raid
sakenip,/sakeˈnip/,v.,invite
sakiot,/sakiˈot/,n.,louse
sal,/sal/,v.,recognize
salbanid,/salbaˈnid/,v.,grow up; sprout
salbelqo,/salbelˈqo/,v.,direct; conduct
salca,/salˈka/,n.,picnic
sale,/saˈle/,n.,recognition
salgimri,/salgiˈmri/,n.,disease; plague; virus
salid,/saˈlid/,interj.,no
salobgol,/salobˈgol/,n.,avenue
salqenbi,/salqenˈbi/,adj.,random
salwu,/saˈlwu/,n.,legend; myth
sam,/sam/,n.,language
samad,/saˈmad/,n.,barrel; drum
samga,/samˈga/,n.,key
samig,/saˈmig/,v.,multiply
sampulsu,/sampulˈsu/,n.,pasta
san,/san/,n.,poem
sandaluv,/sandaˈluv/,n.,lawn
sanitve,/sanitˈve/,n.,urge
sanotep,/sanoˈtep/,n.,cat
santiev,/santiˈev/,n.,appetite
saodti,/saodˈti/,v.,discuss; debate
saodtiq,/saodˈtiq/,n.,discussion
saqa,/saˈqa/,v.,graze (feed on)
saqi,/saˈqi/,v.,scream
sarepom,/sareˈpom/,n.,match (for fire)
satemvu,/satemˈvu/,v.,applaud; praise
saut,/saˈut/,v.,kiss
sauvra,/sauˈvra/,v.,cuddle
savi,/saˈvi/,n.,demon; devil; monster
savunvo,/savunˈvo/,n.,school
sawo,/saˈwo/,adj.,imminent; pending
se,/se/,det.,more
seab,/seˈab/,v.,order; impose; demand
seaq,/seˈaq/,n.,fatigue
seas,/seˈas/,n.,candle
sebenaw,/sebeˈnaw/,v.,chew
sedem,/seˈdem/,adj.,narrow
sedun,/seˈdun/,n.,casino
seicbi,/seikˈbi/,n.,pair
seis,/seˈis/,adj.,sad
seisik,/seiˈsik/,n.,sadness
sel,/sel/,v.,arrive; reach
selab,/seˈlab/,adj.,real; authentic
selak,/seˈlak/,v.,exacerbate
selboup,/selboˈup/,n.,fort
seldonpi,/seldonˈpi/,v.,heal; cure
sele,/seˈle/,n.,arrival
selokev,/seloˈkev/,v.,splash; spray
selpavil,/selpaˈvil/,v.,enter
selpavile,/selˌpaviˈle/,n.,entrance
selpibin,/selpiˈbin/,n.,situation (circumstances; context)
selucbe,/selukˈbe/,v.,belong
sem,/sem/,n.,chin; jaw
semipsel,/semipˈsel/,v.,grow; evolve
semipsele,/seˌmipseˈle/,n.,growth
semsa,/semˈsa/,v.,play (have fun)
semve,/semˈve/,n.,brass
sen,/sen/,v.,impress
senbeig,/senbeˈig/,v.,shuffle; shift; vary
senid,/seˈnid/,v.,ask (inquire); inquire
senide,/seniˈde/,n.,question
sepom,/seˈpom/,n.,necklace
sepumap,/sepuˈmap/,v.,exercise; train
serinbon,/serinˈbon/,n.,species; kind; type
sesepel,/seseˈpel/,n.,stew; soup
setolqi,/setolˈqi/,adv.,then
setucam,/setuˈkam/,v.,stamp; press
setucam,/setuˈkam/,n.,stamp
seuq,/seˈuq/,n.,host
sevel,/seˈvel/,v.,disturb
sewilbal,/sewilˈbal/,n.,tear
si,/si/,adj.,tired (needing sleep); tired (needing rest)
siak,/siˈak/,n.,curve; arc
sibe,/siˈbe/,adj.,temporary; brief
sibi,/siˈbi/,v.,vomit
sieb,/siˈeb/,n.,gender
sigu,/siˈgu/,v.,attract; seduce
siki,/siˈki/,prep.,on
sikisem,/sikiˈsem/,v.,spread; scatter
sil,/sil/,n.,nail
silab,/siˈlab/,v.,refuse; veto
silbeve,/silbeˈve/,n.,sugar
silbulca,/silbulˈka/,n.,level (degree; stage)
silki,/silˈki/,v.,breed
siltil,/silˈtil/,n.,power
siltilik,/siltiˈlik/,adj.,powerful
simatbu,/simatˈbu/,n.,tusk
simbo,/simˈbo/,v.,frown
simes,/siˈmes/,n.,circle; ring
sinbon,/sinˈbon/,n.,vanilla
sinbulib,/sinbuˈlib/,n.,sibling
sinri,/siˈnri/,n.,heritage
sinva,/sinˈva/,n.,debt
sipemos,/sipeˈmos/,v.,consolidate
sipil,/siˈpil/,n.,candidate
sirolqo,/sirolˈqo/,n.,hatch
sisomak,/sisoˈmak/,n.,sin
sitabom,/sitaˈbom/,n.,pulse
sito,/siˈto/,adj.,dangerous
sitoik,/sitoˈik/,n.,danger
siub,/siˈub/,v.,relate; correlate; assign; refer
siugob,/siuˈgob/,n.,goblin
siwal,/siˈwal/,n.,bottle; jar
siwe,/siˈwe/,n.,wrist
so,/so/,n.,architecture
soagcum,/soagˈkum/,adv.,yet
soas,/soˈas/,n.,province; territory
soav,/soˈav/,n.,enemy; villain
sobel,/soˈbel/,v.,blast
sodo,/soˈdo/,n.,rubble; debris
soiqer,/soiˈqer/,adj.,white
soiw,/soˈiw/,prep.,upon
sokeqi,/sokeˈqi/,v.,press; squeeze; choke
sokeqiq,/sokeˈqiq/,n.,pressure
solcum,/solˈkum/,n.,file; folder; record (written account); data
solgi,/solˈgi/,n.,line
solik,/soˈlik/,n.,tornado
solsem,/solˈsem/,n.,salad
som,/som/,n.,gravity
somdo,/somˈdo/,v.,celebrate; praise
somibot,/somiˈbot/,v.,support; justify; advocate; reinforce; supplement
somibot,/somiˈbot/,n.,support
son,/son/,v.,finish
son,/son/,n.,end
sona,/soˈna/,adj.,final
sonat,/soˈnat/,adv.,finally
sonertu,/sonerˈtu/,n.,pub; bar (pub)
sones,/soˈnes/,v.,compare; contrast
sontul,/sonˈtul/,v.,influence; persuade; convince
sonveow,/sonveˈow/,n.,shovel
sopamed,/sopaˈmed/,n.,lava
sorobum,/soroˈbum/,n.,spasm
sotal,/soˈtal/,v.,devote
sotidim,/sotiˈdim/,v.,pour
soubqo,/soubˈqo/,v.,beat (strike); assault
souqpo,/souqˈpo/,v.,pant
soutiw,/souˈtiw/,n.,sequence; order
soutiw wode,/souˈtiw woˈde/,n.,layout
sova,/soˈva/,adj.,heavy
su,/su/,n.,room (of house)
suda,/suˈda/,n.,honey
sudobil,/sudoˈbil/,v.,blink
sudoga,/sudoˈga/,n.,remains; remnant
sugata,/sugaˈta/,n.,lump
suge,/suˈge/,n.,ginger
suki,/suˈki/,v.,enjoy
sulatek,/sulaˈtek/,n.,tab
sulaw,/suˈlaw/,v.,command; supervise
sulbonba,/sulbonˈba/,v.,testify
sulbu,/sulˈbu/,n.,rope; cord
suleg,/suˈleg/,n.,horse
sulkemtol,/sulkemˈtol/,n.,show (performance)
sulwu,/suˈlwu/,v.,cook (heat food); cook (prepare food)
sum,/sum/,n.,costume; garment
sumbi,/sumˈbi/,v.,hop
sumiq,/suˈmiq/,n.,broom
sumke,/sumˈke/,n.,stage
sunecti,/sunekˈti/,adj.,fun
sunectiik,/suˌnektiˈik/,n.,fun
sunek,/suˈnek/,n.,flu
sunos,/suˈnos/,n.,miracle
supa,/suˈpa/,n.,stitch
suril,/suˈril/,n.,flesh
susa,/suˈsa/,n.,battle; clash
suvi,/suˈvi/,n.,army
suvilso,/suvilˈso/,adj.,ancient
suviov,/suviˈov/,n.,soldier
suvo,/suˈvo/,n.,star; celebrity
ta,/ta/,prep.,at
tababi,/tabaˈbi/,n.,wound; trauma
tababo,/tabaˈbo/,v.,complement
tabaib,/tabaˈib/,n.,flower
tabeap,/tabeˈap/,n.,coal; charcoal
tabeki,/tabeˈki/,adj.,instant
tabi,/taˈbi/,n.,present; gift; souvenir
tadawa,/tadaˈwa/,n.,comedy; humor
taewga,/taewˈga/,v.,join; tie; marry; attach; stick
taewga,/taewˈga/,n.,joint
tagun,/taˈgun/,v.,long (want for)
taladco,/taladˈko/,adj.,sour; bitter
taldal,/talˈdal/,n.,fetus; embryo
talkin,/talˈkin/,n.,crystal; prism
talkitum,/talkiˈtum/,adj.,fluent
talod,/taˈlod/,v.,review; analyze
taltiven,/taltiˈven/,adj.,excellent; fantastic; wonderful; fabulous; terrific; superb; fine (okay); amazing
taluq,/taˈluq/,n.,paragraph; clause
tam,/tam/,interj.,welcome
tamapto,/tamapˈto/,n.,whiskey
tambi,/tamˈbi/,n.,priest
tamcuwal,/tamkuˈwal/,n.,sword; blade
tamdeos,/tamdeˈos/,v.,inspect; scrutinize; examine; review
tamkelbel,/tamkelˈbel/,v.,thank
tamra,/taˈmra/,v.,convert
tamremvol,/tamremˈvol/,adj.,elegant
tamur,/taˈmur/,v.,face; fight; confront
tamutson,/tamutˈson/,n.,mask
tamuttum,/tamutˈtum/,n.,scene
tamveid,/tamveˈid/,n.,document
tan,/tan/,n.,path; track; avenue; direction (way)
tanesba,/tanesˈba/,n.,literature; prose
tanew,/taˈnew/,v.,bless
tanpeneq,/tanpeˈneq/,n.,prey
tanpi,/tanˈpi/,n.,dog
tanpi ebgupa,/tanˈpi ebguˈpa/,n.,fox
tanpomba,/tanpomˈba/,n.,expert; specialist
tanren,/taˈnren/,adj.,scared; afraid
tanto,/tanˈto/,v.,enhance
taog,/taˈog/,v.,insist
taop,/taˈop/,n.,organism
taot,/taˈot/,v.,find
tapa,/taˈpa/,n.,vulture
tapaso,/tapaˈso/,v.,access
tapeap,/tapeˈap/,n.,ramp
tapeti,/tapeˈti/,n.,usher
tapu,/taˈpu/,v.,terminate
tare,/taˈre/,adj.,smooth; stable; steady; consistent
tasen,/taˈsen/,n.,shape; architecture
tatalse,/tatalˈse/,n.,diary; memoir; calendar
taus,/taˈus/,n.,tail
taveib,/taveˈib/,n.,lime
tawi,/taˈwi/,n.,twin
tawilob,/tawiˈlob/,n.,tariff
tawius,/tawiˈus/,v.,exploit
te,/te/,prep.,over
tebampa,/tebamˈpa/,n.,saddle
tebin,/teˈbin/,v.,foresee; anticipate; predict
teca,/teˈka/,v.,animate
tecobin,/tekoˈbin/,n.,kitchen
tecuki,/tekuˈki/,v.,lean; tilt; drift
teculab,/tekuˈlab/,v.,burst
tedan,/teˈdan/,adj.,yellow; green; blue; orange; brown
tedoven,/tedoˈven/,v.,invent
teidse,/teidˈse/,n.,irony
teidseik,/teˌidseˈik/,adj.,ironic
tel,/tel/,prep.,for (the purpose of)
telsalwol,/telsaˈlwol/,adj.,deaf
telsiog,/telsiˈog/,n.,liquid
telwo,/teˈlwo/,n.,machine; device; equipment; gadget; fixture
telwobil,/telwoˈbil/,n.,urine
tem,/tem/,v.,duck; crouch
tembilra,/tembiˈlra/,v.,spell
temboqun,/temboˈqun/,v.,should
tembu,/temˈbu/,n.,therapy; remedy
temet,/teˈmet/,n.,justice
tenacdim,/tenakˈdim/,n.,lizard
tenagkim,/tenagˈkim/,n.,gold
tenagkimik,/teˌnagkiˈmik/,adj.,golden
tenkelbi,/tenkelˈbi/,n.,length
tenkelbiik,/tenˌkelbiˈik/,adj.,long
tenqudin,/tenquˈdin/,v.,ridicule; mock
tenqulgi,/tenqulˈgi/,n.,sweetheart
tenuq,/teˈnuq/,n.,hole; crack; well
teoq,/teˈoq/,adj.,spare
tepevo,/tepeˈvo/,prep.,above
tepuba,/tepuˈba/,v.,adopt
teqelwu,/teqeˈlwu/,n.,dignity
terim,/teˈrim/,n.,map
terul,/teˈrul/,v.,sort; arrange
tesumap,/tesuˈmap/,v.,crunch
teten,/teˈten/,adj.,ugly
teup,/teˈup/,n.,health
teupik,/teuˈpik/,adj.,healthy
teva,/teˈva/,v.,achieve; accomplish
teval,/teˈval/,v.,affect
tevam,/teˈvam/,n.,hose; pipe; valve
teve,/teˈve/,n.,spot
teveav,/teveˈav/,n.,film
ti,/ti/,v.,can
tiav,/tiˈav/,n.,doll; puppet
ticalek,/tikaˈlek/,adj.,mere
tide,/tiˈde/,n.,grid
til,/til/,n.,race (ethnicity); ethnicity
tilcomrom,/tilkoˈmrom/,v.,trick; deceive; distort; bluff
tilgudo,/tilguˈdo/,n.,empathy
tilib,/tiˈlib/,n.,lion
tiliq,/tiˈliq/,n.,beer
tilob,/tiˈlob/,n.,silver; money
tilsal,/tilˈsal/,v.,lick
tilton,/tilˈton/,n.,pride
tiltonik,/tiltoˈnik/,adj.,proud
tilub,/tiˈlub/,v.,rest
tilvunke,/tilvunˈke/,adj.,round
tim,/tim/,n.,guy
timabso,/timabˈso/,n.,peace
timew,/tiˈmew/,adj.,tropical
timisca,/timisˈka/,n.,dictator
timor,/tiˈmor/,n.,celebrity
timpul,/timˈpul/,n.,horn; penis (slang)
timte,/timˈte/,v.,remember
timteq,/timˈteq/,n.,memory
timwopun,/timwoˈpun/,v.,spoil; indulge
tin,/tin/,v.,betray
tinab,/tiˈnab/,n.,member
tinetot,/tineˈtot/,n.,icon
tinipsim,/tinipˈsim/,v.,shudder
tinkemaw,/tinkeˈmaw/,n.,galaxy
tinra,/tiˈnra/,v.,go; leave (depart); pass; continue
tintalwa,/tintaˈlwa/,n.,failure
tintalwaup,/tinˌtalwaˈup/,v.,fail
tinubsu,/tinubˈsu/,n.,compost; fertilizer
tinud,/tiˈnud/,adj.,backward
tiqanar,/tiqaˈnar/,n.,ambition
tiqegu,/tiqeˈgu/,v.,chop; slash
tisel,/tiˈsel/,n.,slab; loaf
titisim,/titiˈsim/,n.,cliff
titu,/tiˈtu/,n.,bullet
titul,/tiˈtul/,n.,race (competition); marathon
tiucke,/tiukˈke/,n.,toy
to,/to/,adv.,maybe; perhaps
tobal,/toˈbal/,n.,water
tobapi,/tobaˈpi/,v.,worship
tobel,/toˈbel/,n.,organization
todo,/toˈdo/,n.,fungus; mold
todolev,/todoˈlev/,n.,witness
toecpa,/toekˈpa/,n.,sister
toibob,/toiˈbob/,n.,guide
tol,/tol/,interj.,well
tolas,/toˈlas/,adj.,available
tolidbo,/tolidˈbo/,n.,church; chapel; shrine
toloq,/toˈloq/,n.,camel
tolpul,/tolˈpul/,v.,hit; beat (strike); punch; slap; collide
tolrilet,/tolriˈlet/,v.,manage
tom,/tom/,n.,spur
tomreap,/tomreˈap/,n.,boot
tomti,/tomˈti/,n.,embassy
tonca,/tonˈka/,n.,ally
tonkeda,/tonkeˈda/,n.,rubber
tonog,/toˈnog/,v.,obsess
tonovdom,/tonovˈdom/,n.,vision
tonpon,/tonˈpon/,n.,treason
tonta,/tonˈta/,adj.,shy; reluctant
topal,/toˈpal/,v.,vow
topan,/toˈpan/,n.,spike; thorn
tosogum,/tosoˈgum/,prep.,down
tosuki,/tosuˈki/,v.,announce
toticol,/totiˈkol/,v.,think; figure out; deem; guess; understand; ponder; grasp; deduce; clutch; grip; predict; imagine; assume
toticole,/toˌtikoˈle/,n.,thought
toubti,/toubˈti/,adj.,sophisticated
tu,/tu/,adv.,here; there
tuabet,/tuaˈbet/,n.,almond
tuag,/tuˈag/,n.,lease
tuap,/tuˈap/,n.,version
tuaw,/tuˈaw/,v.,assault
tubaldi,/tubalˈdi/,prep.,out; outside
tubo,/tuˈbo/,prep.,except; besides
tubu,/tuˈbu/,n.,birth
tubuev,/tubuˈev/,n.,benefit
tuco,/tuˈko/,adj.,bad
tudin,/tuˈdin/,adj.,mean
tuducul,/tuduˈkul/,n.,herb
tugin,/tuˈgin/,prep.,among
tuib,/tuˈib/,n.,flaw; defect
tuibbin,/tuibˈbin/,n.,color; hue
tuis,/tuˈis/,n.,monster; beast
tul,/tul/,adj.,able; capable; ready
tulapde,/tulapˈde/,n.,chair; stool (seat)
tulik,/tuˈlik/,n.,ability
tulsu,/tulˈsu/,n.,skin; fur; crust; mane
tulvim,/tulˈvim/,adj.,successful
tulvimik,/tulviˈmik/,n.,success
tum,/tum/,adj.,only
tumta,/tumˈta/,v.,decorate
tun,/tun/,n.,analysis
tundomsi,/tundomˈsi/,n.,tribe; kin; clan
tunup,/tuˈnup/,v.,analyze
tunvum,/tunˈvum/,prep.,across
tuoppum,/tuopˈpum/,adj.,crazy; insane
tupa,/tuˈpa/,adj.,high; tall
tupaik,/tupaˈik/,n.,height
tupan,/tuˈpan/,n.,reception (of office or hotel)
tupaqil,/tupaˈqil/,n.,pump
tuqen,/tuˈqen/,v.,taste
tusa,/tuˈsa/,prep.,from
tutovam,/tutoˈvam/,n.,chicken; fowl
tuwen,/tuˈwen/,v.,fix; mend; repair; heal; recover
tuwi,/tuˈwi/,n.,belly
va,/va/,conj.,while
vabeto,/vabeˈto/,n.,core
vabi,/vaˈbi/,n.,percent
vaboqal,/vaboˈqal/,n.,siege
vabu,/vaˈbu/,v.,brace
vabucom,/vabuˈkom/,n.,steel
vabul,/vaˈbul/,n.,owl
vaca,/vaˈka/,n.,fuel
vacape,/vakaˈpe/,n.,kind; type
vaib,/vaˈib/,n.,paradox
vakedem,/vakeˈdem/,n.,trailer
val,/val/,adj.,damn
valbe,/valˈbe/,n.,country (rural area)
valki,/valˈki/,n.,rodent
valsebin,/valseˈbin/,n.,drug; medicine
valsebinev,/valˌsebiˈnev/,n.,drugstore
valwu,/vaˈlwu/,n.,peasant
vam,/vam/,prep.,beyond
vamabid,/vamaˈbid/,v.,attend; show up
vamag,/vaˈmag/,n.,wheel; disk
vamcabam,/vamkaˈbam/,adj.,small; little; short; low; miniature
vamcal,/vamˈkal/,adv.,barely; hardly
vamibsi,/vamibˈsi/,v.,sponsor
vamke,/vamˈke/,n.,window
vamke qekiop,/vamˈke qekiˈop/,n.,nostril
vamwigun,/vamwiˈgun/,n.,wax
van,/van/,n.,electricity
vandise,/vandiˈse/,n.,ferry
vanqe,/vanˈqe/,adj.,weird; strange; bizarre; peculiar
vanqon,/vanˈqon/,n.,hip
vapinso,/vapinˈso/,v.,complicate
vapinsow,/vapinˈsow/,adj.,complex
vaqal,/vaˈqal/,v.,mean (signify); express
vatopun,/vatoˈpun/,v.,steer; sail; cruise; navigate
vaucko,/vaukˈko/,adj.,past
vaudco,/vaudˈko/,v.,coach
vavim,/vaˈvim/,adv.,else; otherwise
ve,/ve/,num.,zero
veabsan,/veabˈsan/,v.,starve
veadqo,/veadˈqo/,v.,shock; startle; stun; surprise; paralyze
veap,/veˈap/,n.,economy
veapak,/veaˈpak/,adj.,economic
veav,/veˈav/,n.,pencil
vebem,/veˈbem/,v.,lead; direct; conduct
vebi,/veˈbi/,adj.,wild
veca,/veˈka/,v.,walk
vecopon,/vekoˈpon/,n.,deputy
vecuta,/vekuˈta/,v.,lift; climb; boost
vedilop,/vediˈlop/,adj.,sharp; bitter
vedum,/veˈdum/,v.,quote
vegontal,/vegonˈtal/,n.,knife
vegontal iwcoiw,/vegonˈtal iwkoˈiw/,n.,dagger
vegu,/veˈgu/,n.,fashion
veguik,/veguˈik/,adj.,fashionable
vekiek,/vekiˈek/,v.,close; shut; block
vel,/vel/,prep.,inside
velbiniv,/velbiˈniv/,v.,flush
velbise,/velbiˈse/,v.,ask (request); request
velgumod,/velguˈmod/,n.,fossil
velpe,/velˈpe/,n.,orchestra
velra,/veˈlra/,n.,niece
vem,/vem/,n.,way; manner; route; direction (way)
vemeg,/veˈmeg/,n.,rate
vemegup,/vemeˈgup/,v.,rate
vemtolvam,/vemtolˈvam/,adj.,major
vemtuiq,/vemtuˈiq/,n.,pea
ven,/ven/,num.,third
venba,/venˈba/,n.,oath
venpe,/venˈpe/,n.,cake
venroeq,/venroˈeq/,n.,terror
vensora,/vensoˈra/,n.,breast; chest
vensoraik,/venˌsoraˈik/,adj.,buxom
venwil,/veˈnwil/,v.,attack
veob,/veˈob/,v.,merge
vepan,/veˈpan/,v.,elevate
vepivo,/vepiˈvo/,n.,stall; kiosk
vetilak,/vetiˈlak/,v.,cover up
veubtu,/veubˈtu/,v.,set
veveke,/veveˈke/,n.,crisis
vevolik,/vevoˈlik/,n.,ceremony
vevul,/veˈvul/,n.,sport
vi,/vi/,prep.,between
viasbum,/viasˈbum/,n.,spring (season)
viatba,/viatˈba/,v.,spend
viba,/viˈba/,pron.,who
vibel,/viˈbel/,v.,bow
vibicu,/vibiˈku/,n.,whisker
vibo,/viˈbo/,adj.,sole; lone
vidapim,/vidaˈpim/,n.,dinner
vieg,/viˈeg/,v.,marry
vilob,/viˈlob/,n.,verse
vilqonru,/vilqoˈnru/,n.,range; spectrum
viltin,/vilˈtin/,adj.,dumb (speechless)
vilwal,/viˈlwal/,n.,pattern
vim,/vim/,adv.,now; already
vimecrom,/vimeˈkrom/,v.,hope; wish
vimecrom,/vimeˈkrom/,n.,hope
vimop,/viˈmop/,n.,temper
vimvulew,/vimvuˈlew/,n.,surf
vin,/vin/,v.,spin; swirl
viniqas,/viniˈqas/,n.,lace
vinvu,/vinˈvu/,v.,vanish; disappear
viow,/viˈow/,n.,cartoon
vipon,/viˈpon/,adj.,necessary
vipu,/viˈpu/,v.,smell (sense with nose)
vipunta,/vipunˈta/,adv.,nowhere
viqinki,/viqinˈki/,v.,retrieve; bring back; fetch; recover
vita,/viˈta/,n.,gene
vitunit,/vituˈnit/,adv.,up
vitunit,/vituˈnit/,prep.,up
vivemep,/viveˈmep/,n.,project
vo,/vo/,n.,hag (old woman)
voak,/voˈak/,n.,human
voar,/voˈar/,v.,leave (let remain); desert
vobamde,/vobamˈde/,n.,future; destiny; fate
vobultin,/vobulˈtin/,n.,vine; flower
voca,/voˈka/,v.,focus; aim; intend
vodel,/voˈdel/,v.,criticize
vodele,/vodeˈle/,adj.,critical
voeb,/voˈeb/,v.,clarify
voettu,/voetˈtu/,n.,rail
vogigem,/vogiˈgem/,n.,response
vogigemup,/voˌgigeˈmup/,v.,respond
vogul,/voˈgul/,n.,crab
vokeak,/vokeˈak/,n.,rock; mountain; metal
vokeak tobal,/vokeˈak toˈbal/,n.,ice
vol,/vol/,v.,drive; ride
volca,/volˈka/,n.,canoe
volcamve,/volkamˈve/,n.,ledge
volpowo,/volpoˈwo/,n.,figure; celebrity
voltamva,/voltamˈva/,adj.,same
vom,/vom/,n.,hair (of head); hair (of body)
vom bul,/vom bul/,n.,eyelash
vomatvi,/vomatˈvi/,adj.,smart; intelligent; clever; wise
vombempil,/vombemˈpil/,conj.,but
vomdupan,/vomduˈpan/,v.,flee
vompaba,/vompaˈba/,n.,cloud; mist
vompaba tuibbin,/vompaˈba tuibˈbin/,n.,rainbow
vonavki,/vonavˈki/,v.,glare
vorongon,/voronˈgon/,v.,interpret; translate
vouwki,/vouwˈki/,n.,ass
vovun,/voˈvun/,adj.,plain
vovunpi,/vovunˈpi/,n.,arena; stadium
voweril,/voweˈril/,v.,mix; join
vu,/vu/,n.,tooth
vubanik,/vubaˈnik/,v.,refine
vubo,/vuˈbo/,n.,axe
vubomas,/vuboˈmas/,n.,ink
vubupen,/vubuˈpen/,v.,detain
vuergin,/vuerˈgin/,n.,mattress
vuki,/vuˈki/,v.,harass; intimidate
vul,/vul/,n.,ham
vuladqa,/vuladˈqa/,n.,sea; ocean
vulbol,/vulˈbol/,n.,finger; claw; hook
vulbol duban,/vulˈbol duˈban/,n.,toe
vulid,/vuˈlid/,n.,snake
vulsi,/vulˈsi/,n.,kettle
vum,/vum/,n.,stump; root; log
vumdimbum,/vumdimˈbum/,v.,commute
vumdo,/vumˈdo/,n.,eclipse
vumivkil,/vumivˈkil/,v.,pray; appeal
vumti,/vumˈti/,n.,trial
vumvu,/vumˈvu/,n.,harvest
vun,/vun/,v.,claim; allege
vunban,/vunˈban/,n.,trophy; award
vuntan,/vunˈtan/,n.,armpit
vunub,/vuˈnub/,pron.,everything
vupe,/vuˈpe/,n.,town; population
vupeup,/vupeˈup/,v.,populate
vupom,/vuˈpom/,v.,crawl
vuqinge,/vuqinˈge/,n.,pepper
vusigu,/vusiˈgu/,interj.,goodbye
vutenab,/vuteˈnab/,n.,felony
vuve,/vuˈve/,n.,family (children and parents)
wa,/wa/,det.,all; both
wabaoq,/wabaˈoq/,v.,escort
wabeca,/wabeˈka/,adj.,angry; mad
wabecaik,/waˌbekaˈik/,n.,anger
wabiad,/wabiˈad/,prep.,against
wabiri,/wabiˈri/,adj.,mature
wade,/waˈde/,v.,extinguish; put out
wadu,/waˈdu/,n.,holiday; vacation
waew,/waˈew/,adj.,hot (attractive)
wagacom,/wagaˈkom/,n.,suggestion
wagacomup,/waˌgakoˈmup/,v.,suggest
waid,/waˈid/,adj.,tired (needing rest); lazy
waik,/waˈik/,n.,dot
wal,/wal/,pron.,one
waled,/waˈled/,v.,smuggle
walpunbal,/walpunˈbal/,v.,roll; revolve; rotate
wamot,/waˈmot/,v.,sweep
wan,/wan/,det.,every
wanban,/wanˈban/,n.,den
wanbo,/wanˈbo/,adv.,so; very; really; therefore; thus
wanqinge,/wanqinˈge/,n.,security
wanran,/waˈnran/,v.,surpass
wantem,/wanˈtem/,adj.,manual
waocav,/waoˈkav/,n.,cereal
waocuw,/waoˈkuw/,n.,habitat
waot,/waˈot/,adj.,hot (attractive)
wape,/waˈpe/,n.,article (text)
wapilto,/wapilˈto/,n.,throne
waqin,/waˈqin/,n.,lever; pedal
waranab,/waraˈnab/,n.,belt
warebu,/wareˈbu/,n.,flag; banner
warinqil,/warinˈqil/,n.,tunnel
watanri,/wataˈnri/,n.,emphasis
watanriup,/waˌtanriˈup/,v.,emphasize
watu,/waˈtu/,adj.,dry
wauk,/waˈuk/,n.,anchor
we,/we/,det.,several
weabgun,/weabˈgun/,v.,pull; tug; tow
weav,/weˈav/,adj.,damp; moist
webaep,/webaˈep/,n.,sand
wege,/weˈge/,n.,attitude
wel,/wel/,n.,carpet
welagto,/welagˈto/,n.,hood
welavwu,/welaˈvwu/,v.,melt; dissolve
welbira,/welbiˈra/,v.,twist; revolve
weltom,/welˈtom/,n.,fiber
welub,/weˈlub/,n.,bicycle
wem,/wem/,n.,fork
wemgu,/wemˈgu/,n.,canyon
wemvedal,/wemveˈdal/,n.,torch
wemvin,/wemˈvin/,v.,repeat; replicate
wemvine,/wemviˈne/,n.,repetition
wen,/wen/,v.,complain
wengukil,/wenguˈkil/,n.,right; entitlement
wengukil deremwalek,/wenguˈkil deˌremwaˈlek/,n.,copyright
weoq,/weˈoq/,n.,attic
weqi,/weˈqi/,n.,meat; flesh
weraba,/weraˈba/,n.,tower
werasam,/weraˈsam/,n.,landlord
werol,/weˈrol/,adv.,together
wesa,/weˈsa/,n.,factor; variable
wesanril,/wesaˈnril/,v.,cross
wevu,/weˈvu/,n.,hotel
wewe,/weˈwe/,adj.,rigorous
wewel,/weˈwel/,adj.,static
wi,/wi/,adj.,foreign
wiag,/wiˈag/,n.,diameter
wido,/wiˈdo/,n.,average
wige,/wiˈge/,n.,weight
wigeup,/wigeˈup/,v.,weigh
wigued,/wiguˈed/,v.,ignore; overlook
wiik,/wiˈik/,n.,foreigner
wil,/wil/,conj.,even
wilebir,/wileˈbir/,n.,well; reservoir
wilsi,/wilˈsi/,v.,drag; tow; draw
wimgel,/wimˈgel/,n.,shit
wimpul,/wimˈpul/,v.,fight
wimpule,/wimpuˈle/,n.,fight
wimus,/wiˈmus/,n.,meeting
wimusup,/wimuˈsup/,v.,meet
winovpo,/winovˈpo/,n.,heart; life (soul)
winsonri,/winsoˈnri/,n.,sum
wintan,/winˈtan/,v.,seduce
winwiltal,/winwilˈtal/,n.,default
wiot,/wiˈot/,n.,valley
wiov,/wiˈov/,v.,allocate
wisinot,/wisiˈnot/,adj.,new
witito,/witiˈto/,v.,push; shove; propel
wiucab,/wiuˈkab/,v.,bribe
wiuk,/wiˈuk/,n.,neighbor
wivi,/wiˈvi/,n.,wizard; witch; prophet
wo,/wo/,v.,change; vary; differ
wo,/wo/,n.,change
woap,/woˈap/,v.,fathom
woaq,/woˈaq/,adj.,empty; vacant; hollow
woas,/woˈas/,v.,cling
woba,/woˈba/,n.,shell
wode,/woˈde/,n.,place; point; site; location; position (location)
wodiba,/wodiˈba/,v.,erupt
wokelar,/wokeˈlar/,prep.,onto
wolbo,/wolˈbo/,n.,dew
wom,/wom/,n.,jewel; gem; prism
womegak,/womeˈgak/,v.,curse
womob,/woˈmob/,n.,career
womrem,/woˈmrem/,v.,assassinate
won,/won/,n.,suitcase
wopi,/woˈpi/,n.,prostitute
wota,/woˈta/,n.,teenager; adolescent
wout,/woˈut/,n.,head
wout,/woˈut/,n.,leader
wuaggu,/wuagˈgu/,n.,challenge
wuaqso,/wuaqˈso/,adv.,today; nowadays
wuavben,/wuavˈben/,v.,convict; sentence; punish
wudi,/wuˈdi/,n.,bone
wudo,/wuˈdo/,n.,revenge
wues,/wuˈes/,n.,ship
wugite,/wugiˈte/,n.,instrument; apparatus
wuidqol,/wuidˈqol/,n.,will
wul,/wul/,det.,that
wul,/wul/,pron.,that
wulkilvol,/wulkilˈvol/,adj.,alternate
wum,/wum/,det.,such
wumcasam,/wumkaˈsam/,adj.,green; raw
wumgimwi,/wumgiˈmwi/,adj.,skinny
wumpompu,/wumpomˈpu/,n.,blouse
wumre,/wuˈmre/,n.,stereotype
wumuk,/wuˈmuk/,n.,zombie
wun,/wun/,num.,trillion
wuor,/wuˈor/,v.,share
wuosiw,/wuoˈsiw/,v.,indicate
wuranqil,/wuranˈqil/,v.,work (be employed); work (toil)
wuranqil,/wuranˈqil/,n.,work
wusa,/wuˈsa/,n.,copper; bronze
wuwo,/wuˈwo/,v.,receive; earn