Kankhri,Pronunciation,Part of speech,English
'a,/ʔa/,prep.,to; towards
'a,/ʔa/,pron.,I
'a',/ʔaʔ/,adj.,weak
'a'a'o,/ˈʔaʔaʔo/,nf.,puzzle; mystery
'abakh,/ˈʔabaχ/,nm.,grade; rank (position)
'ad,/ʔad/,nf.,public
'af,/ʔaf/,nm.,sock
'afamkah,/ˈʔafamkah/,nm.,controversy
'afi,/ˈʔafi/,nf.,bat (club)
'afsho,/ˈʔafʃo/,nm.,apartment
'ag,/ʔag/,nm.,evidence; contract
'agiv,/ˈʔagiv/,adj.,evident
'ak,/ʔak/,nm.,spider
'akh,/ʔaχ/,nm.,front; facade
'akhe,/ˈʔaχe/,nm.,shirt; blouse; top (clothing)
'akhu,/ˈʔaχu/,v.,install; establish
'al,/ʔal/,v.,grunt
'ale,/ˈʔale/,nf.,bug; insect
'am,/ʔam/,nm.,fuse
'amnakh,/ˈʔamnaχ/,nf.,position (location)
'an,/ʔan/,v.,experience
'ane,/ˈʔane/,nf.,harmony; melody
'anih,/ˈʔanih/,conj.,unless
'anih,/ˈʔanih/,nf.,experience
'as,/ʔas/,nf.,raid
'ashto,/ˈʔaʃto/,nm.,customer; patron
'at,/ʔat/,adj.,blind
'ate,/ˈʔate/,nm.,treason
'atri,/ˈʔatʁi/,v.,defend; protect; secure
'atrih,/ˈʔatʁih/,nf.,defense
'atrih,/ˈʔatʁih/,nm.,protection
'atriv,/ˈʔatʁiv/,nm.,insurance
'atz,/ʔaʦ/,v.,emit; radiate
'av,/ʔav/,prep.,after
'ay,/ʔaj/,v.,travel
'ayak,/ˈʔajak/,nm.,tourist
'azdakhe,/ˈʔazdaχe/,adj.,alone
'e,/ʔe/,adv.,not
'e,/ʔe/,pron.,to you all
'e',/ʔeʔ/,v.,screw; fuck (slang)
'ed,/ʔed/,nf.,furniture
'efu,/ˈʔefu/,nf.,skill; talent
'efuiv,/ˈʔefuiv/,adj.,skilled
'egmih,/ˈʔegmih/,v.,grow up; sprout
'egmo',/ˈʔegmoʔ/,nm.,village; suburb
'egmu,/ˈʔegmu/,nf.,flower
'egmuk,/ˈʔegmuk/,nf.,florist
'eh,/ʔeh/,nf.,celebrity
'ek,/ʔek/,v.,perch
'ekhta,/ˈʔeχta/,v.,elaborate
'ekus,/ˈʔekus/,nf.,fury
'ekusiv,/ˈʔekusiv/,adj.,furious
'el,/ʔel/,nm.,bit
'em,/ʔem/,nm.,environment (natural world)
'em'a,/ˈʔemʔa/,adj.,normal; medium
'en,/ʔen/,nf.,comedy
'epesh,/ˈʔepeʃ/,v.,ignore; overlook
'er,/ʔeʁ/,nf.,vase; urn
'erbuk,/ˈʔeʁbuk/,nf.,machine; device; equipment; gadget
'erosatz,/ˈʔeʁosaʦ/,nm.,nation
'erosatzoti,/ˈʔeʁoˌsaʦoti/,adj.,national
'es,/ʔes/,nm.,trap; bait
'etz,/ʔeʦ/,nm.,right; entitlement
'ev,/ʔev/,nf.,girl; woman; daughter
'exa,/ˈʔexa/,nm.,bank (river)
'eyfeh,/ˈʔejfeh/,v.,suppress; inhibit; muffle
'eyu,/ˈʔeju/,nf.,priest
'i,/ʔi/,pron.,something
'ibe,/ˈʔibe/,v.,poise
'if,/ʔif/,v.,access
'ifun,/ˈʔifun/,v.,stress
'ig,/ʔig/,nf.,spoon
'iga,/ˈʔiga/,v.,coach
'ih,/ʔih/,nf.,copper; bronze
'ik,/ʔik/,v.,pluck
'ikh,/ʔiχ/,nm.,fringe; mane
'ikratz,/ˈʔikʁaʦ/,v.,animate
'im,/ʔim/,nm.,harvest
'im'ash,/ˈʔimʔaʃ/,nf.,master
'imun,/ˈʔimun/,v.,leap
'in,/ʔin/,nf.,climate; temperature
'inid,/ˈʔinid/,nm.,guilt
'inidiv,/ˈʔinidiv/,adj.,guilty
'ir,/ʔiʁ/,v.,date; go out
'iri,/ˈʔiʁi/,nf.,rust
'is,/ʔis/,nm.,matter (substance; material)
'iseh,/ˈʔiseh/,nf.,text; document; prose
'ish,/ʔiʃ/,adj.,light (weight); fragile
'iskhakhto,/ˈʔisχaχto/,adj.,new; recent
'it,/ʔit/,nf.,steam
'itezdo,/ˈʔitezdo/,v.,create; found; establish
'iu,/ˈʔiu/,v.,rally
'iv,/ʔiv/,nm.,nest; den
'iyuda,/ˈʔijuda/,nf.,head
'iyuda,/ˈʔijuda/,nm.,leader
'iyuda stal,/ˈʔijuda stal/,nm.,skull
'izda,/ˈʔizda/,v.,disturb
'izdi,/ˈʔizdi/,nm.,ward
'o,/ʔo/,det.,much
'o',/ʔoʔ/,nf.,honor
'o'u,/ˈʔoʔu/,nf.,brain; wit
'od,/ʔod/,nm.,ethic; integrity
'ode,/ˈʔode/,v.,cover; muffle
'odu,/ˈʔodu/,nf.,pea
'oe,/ˈʔoe/,v.,scan
'ohav,/ˈʔohav/,nm.,concrete
'okh,/ʔoχ/,nm.,zombie
'okni,/ˈʔokni/,adv.,else; otherwise
'oko,/ˈʔoko/,nf.,current
'ol,/ʔol/,nm.,tribute
'ola,/ˈʔola/,nm.,organism
'olun,/ˈʔolun/,v.,organize
'olunuv,/ˈʔolunuv/,nf.,organization
'om,/ʔom/,adj.,ready
'on,/ʔon/,adj.,scared; afraid
'or,/ʔoʁ/,adj.,frequent
'os,/ʔos/,nf.,collar
'osh,/ʔoʃ/,prep.,on
'osho',/ˈʔoʃoʔ/,nf.,gene
'oskha,/ˈʔosχa/,nm.,towel; napkin
'ot,/ʔot/,v.,manage
'otak,/ˈʔotak/,nm.,manager
'otsi,/ˈʔotsi/,nm.,campaign; crusade
'u,/ʔu/,conj.,that
'ugmi,/ˈʔugmi/,v.,crunch; chew
'ukamhi,/ˈʔukamhi/,v.,doubt
'ukhun,/ˈʔuχun/,nf.,sample; example
'ukne,/ˈʔukne/,nm.,scarf
'uku,/ˈʔuku/,v.,inhale
'ul,/ʔul/,nm.,divorce
'um,/ʔum/,nm.,manual
'uma,/ˈʔuma/,v.,hang; dangle
'umkay,/ˈʔumkaj/,nf.,gap
'unir,/ˈʔuniʁ/,nm.,apple
'uno,/ˈʔuno/,nm.,accident; catastrophe
'ur,/ʔuʁ/,nm.,dump
'uraduv,/ˈʔuʁaduv/,adj.,tall
'ut,/ʔut/,nf.,capital (city)
'utz,/ʔuʦ/,nm.,beauty
'utziv,/ˈʔuʦiv/,adj.,beautiful
'uv,/ʔuv/,adj.,formal
'uve,/ˈʔuve/,nm.,prestige
'uy,/ʔuj/,adj.,available
'uyfek,/ˈʔujfek/,nf.,net
a,/a/,conj.,than
abe,/ˈabe/,v.,annoy; agitate
abefshir,/ˈabefʃiʁ/,v.,stand; situate
abih,/ˈabih/,adj.,cool (fashionable)
abokh,/ˈaboχ/,adj.,massive; enormous
ad,/ad/,v.,could
ada,/ˈada/,nf.,curtain
adud,/ˈadud/,nf.,diary
af,/af/,adj.,stupid; dumb; silly
afe,/ˈafe/,adj.,bald
afshi,/ˈafʃi/,v.,fall; drop; collapse; topple
ag,/ag/,nf.,plate; disk
agu,/ˈagu/,v.,crawl
ah,/ah/,nm.,factor; variable
ak,/ak/,nm.,treasure
akh,/aχ/,adv.,tonight
akhe,/ˈaχe/,nf.,necklace
akhef,/ˈaχef/,nf.,situation (circumstances; context)
akhno,/ˈaχno/,nf.,god
aknakh,/ˈaknaχ/,v.,settle; stay; remain
aknakhih,/ˈaknaχih/,nm.,settlement (village)
akro',/ˈakʁoʔ/,adj.,convenient
al,/al/,v.,find
ala,/ˈala/,v.,require; oblige
almon,/ˈalmon/,nf.,fly
almonih,/ˈalmonih/,nm.,flight
am,/am/,v.,haunt
am'en,/ˈamʔen/,prep.,onto
an,/an/,v.,save (put aside)
ana,/ˈana/,nf.,bottom (lowest part); buttocks
ani,/ˈani/,nm.,almond
ano,/ˈano/,nm.,address
anu,/ˈanu/,v.,die; expire
anuek,/ˈanuek/,adj.,dead
anuh,/ˈanuh/,nm.,death
ar,/aʁ/,nm.,task; chore
as,/as/,v.,believe; trust; rely on
asashtoh,/ˈasaʃtoh/,nm.,port
ash,/aʃ/,nf.,side
ashbushbi,/ˈaʃbuʃbi/,v.,gasp
ashlikh,/ˈaʃliχ/,v.,convert
ashtuk,/ˈaʃtuk/,nf.,scandal
asih,/ˈasih/,nf.,belief
aso,/ˈaso/,nf.,hangover
atsuv,/ˈatsuv/,nf.,banner
atukh,/ˈatuχ/,nm.,attic
atz,/aʦ/,nm.,lake
au,/ˈau/,v.,frustrate
av,/av/,nm.,comment
ay,/aj/,v.,edit; revise
ayash,/ˈajaʃ/,nf.,brass
aza,/ˈaza/,v.,gamble
azo,/ˈazo/,adj.,volatile
ba,/ba/,v.,call (cry out)
bad,/bad/,nf.,route
bae,/ˈbae/,nf.,linguistics
baf,/baf/,v.,bang
bafshu,/ˈbafʃu/,nm.,shelf; rack
bag,/bag/,nm.,scope; extent
bagme,/ˈbagme/,nm.,ditch
bah,/bah/,nm.,sauce
bahen,/ˈbahen/,v.,deny; reject; refuse; veto
bahi,/ˈbahi/,nm.,wool; fur; thread; strand
bai,/ˈbai/,adj.,smooth; sleek
bak,/bak/,adj.,next
bak zur,/bak zuʁ/,nf.,tomorrow
bakh,/baχ/,nm.,kid
bakha,/ˈbaχa/,v.,splash; spray
bakra,/ˈbakʁa/,nf.,cow; buffalo
bal,/bal/,pron.,yours
bala,/ˈbala/,v.,testify
balag,/ˈbalag/,nm.,casino
bam,/bam/,nf.,summer
bamno,/ˈbamno/,nf.,ink
bamnok,/ˈbamnok/,nf.,stamp
ban,/ban/,nm.,tire
banes,/ˈbanes/,v.,assume; presume; deduce
bar,/baʁ/,nm.,pasta
barbi,/ˈbaʁbi/,nm.,volcano
baruf,/ˈbaʁuf/,nf.,creature
bash,/baʃ/,v.,announce; proclaim
bashe,/ˈbaʃe/,nm.,file; folder; record (written account); wallet
baskha,/ˈbasχa/,nm.,millennium
baskhan,/ˈbasχan/,v.,navigate
bat,/bat/,nm.,bra
bato,/ˈbato/,nf.,window; nostril; view; panorama
batrax̂i,/ˈbatʁaʕi/,nm.,fan (enthusiast)
batro,/ˈbatʁo/,nf.,rodent
batz,/baʦ/,nf.,peasant
bau,/ˈbau/,nf.,paradox
bav,/bav/,nm.,spring (season)
baxe,/ˈbaxe/,nf.,cabinet; drawer
bay,/baj/,adj.,stiff; stubborn; sturdy
be,/be/,nm.,fact
be',/beʔ/,v.,hiss
bed,/bed/,nm.,boy; son
bedukh,/ˈbeduχ/,v.,leave (depart); depart
beg,/beg/,interj.,well
bega,/ˈbega/,nm.,pirate
behaf,/ˈbehaf/,nf.,option
behav,/ˈbehav/,nm.,saw
bek,/bek/,adj.,tight
bekh,/beχ/,nm.,face; side; front; facade
belo,/ˈbelo/,v.,complement
bem,/bem/,nf.,queen
bemag,/ˈbemag/,v.,call (request the attendance of)
beni,/ˈbeni/,v.,hover; hang
beo,/ˈbeo/,v.,trick; deceive; betray
bes,/bes/,nf.,flu
besh,/beʃ/,v.,arrive; happen; reach; occur
beshih,/ˈbeʃih/,nf.,arrival
beshut,/ˈbeʃut/,nf.,siege
bet,/bet/,nf.,pastry
betsam,/ˈbetsam/,v.,halt; stall
bev,/bev/,v.,laugh; chuckle; giggle
bev,/bev/,nm.,laugh
bex̂i,/ˈbeʕi/,nf.,animal
bey,/bej/,v.,resent
bi,/bi/,prep.,including
bi',/biʔ/,adj.,fertile
bi'in,/ˈbiʔin/,nm.,fertility
bid,/bid/,nm.,cynic
bida,/ˈbida/,nm.,crab
bifsha',/ˈbifʃaʔ/,nm.,germ; bacteria
bifum,/ˈbifum/,nm.,blade
bige,/ˈbige/,nf.,sex
bige pas,/ˈbige pas/,nf.,pubic hair
bigeash,/ˈbigeaʃ/,v.,have sex
bigeiv,/ˈbigeiv/,adj.,sexual
bih,/bih/,nm.,comb; brush (for hair)
bik,/bik/,nm.,uncle
bikhna,/ˈbiχna/,adv.,tomorrow
bikhtish,/ˈbiχtiʃ/,adv.,once
bilar,/ˈbilaʁ/,nm.,rope; string; cord; thread
bim,/bim/,v.,smell (emit odor); stink
bipam,/ˈbipam/,nm.,peach
bir,/biʁ/,v.,arrest
bish,/biʃ/,nm.,line
bishi,/ˈbiʃi/,nf.,tea
bishmav,/ˈbiʃmav/,v.,blow
bishom,/ˈbiʃom/,nm.,homeland; motherland
bitakh,/ˈbitaχ/,adj.,instant
bitri,/ˈbitʁi/,nf.,arrow (weapon); arrow (sign)
bitsim,/ˈbitsim/,nf.,pyramid; cone; pile
bitz,/biʦ/,nf.,grandmother
biv,/biv/,v.,meditate
bixu,/ˈbixu/,v.,love; admire
bixuk,/ˈbixuk/,nm.,lover
biy,/bij/,v.,remember
biyih,/ˈbijih/,nf.,memory
bna,/bna/,v.,ask (request); request
bna'a,/ˈbnaʔa/,adj.,opposite
bnad,/bnad/,nm.,tide
bnaf,/bnaf/,nm.,excrement; shit
bnag,/bnag/,nm.,tribe; kin
bnagi,/ˈbnagi/,nf.,hawk
bnah,/bnah/,nf.,disgust
bnakhi,/ˈbnaχi/,adj.,intimate
bnal,/bnal/,v.,kidnap
bnam,/bnam/,nf.,list; catalog
bnan,/bnan/,prep.,against
bnas,/bnas/,adj.,gray
bnash,/bnaʃ/,nm.,romance
bnashtesh,/ˈbnaʃteʃ/,nm.,canoe
bnashud,/ˈbnaʃud/,v.,abandon; desert
bnatz,/bnaʦ/,nf.,lamp
bnay,/bnaj/,v.,arm
bne,/bne/,v.,work (be employed); work (toil)
bne,/bne/,pron.,to you
bne,/bne/,nm.,work
bne',/bneʔ/,nf.,resident
bne'al,/ˈbneʔal/,v.,compose
bned,/bned/,nm.,prince
bnef,/bnef/,v.,favor; advocate
bnefshok,/ˈbnefʃok/,nf.,look; appearance (looks)
bnek,/bnek/,nm.,worker; employee
bnekh,/bneχ/,nf.,will
bnenkhra,/ˈbnenχʁa/,nf.,peninsula
bner,/bneʁ/,v.,defeat; beat
bnes,/bnes/,nm.,hip
bneshbu,/ˈbneʃbu/,nm.,bucket
bneshor,/ˈbneʃoʁ/,nf.,price; fee
bnet,/bnet/,v.,block
bnev,/bnev/,nm.,chapter
bney,/bnej/,v.,relieve
bnezer,/ˈbnezeʁ/,nm.,spasm
bni,/bni/,v.,cook (heat food); cook (prepare food)
bnid,/bnid/,nm.,structure; system
bnida,/ˈbnida/,nf.,orphan
bnif,/bnif/,v.,borrow; hire; rent
bnifa,/ˈbnifa/,v.,whistle
bnifshi,/ˈbnifʃi/,nm.,ancestor; forefather
bnig,/bnig/,adj.,infinite
bnik,/bnik/,nf.,belt
bnil,/bnil/,num.,five
bnir,/bniʁ/,nm.,tradition
bnis,/bnis/,nm.,bunch
bniskha,/ˈbnisχa/,nf.,fluid
bnitrikh,/ˈbnitʁiχ/,v.,scramble
bnivis,/ˈbnivis/,v.,concentrate
bno,/bno/,adv.,about
bnod,/bnod/,v.,encourage; advocate
bnodabo,/ˈbnodabo/,nm.,hell
bnof,/bnof/,v.,grow
bnofih,/ˈbnofih/,nf.,growth
bnok,/bnok/,nf.,echo
bnokh,/bnoχ/,nm.,guy
bnokrir,/ˈbnokʁiʁ/,adj.,rare; funny
bnon,/bnon/,nm.,affection
bnor,/bnoʁ/,nm.,card; ticket; license; voucher; receipt; sheet
bnos,/bnos/,nf.,medium
bnoso,/ˈbnoso/,adj.,important
bnotso,/ˈbnotso/,nm.,shell
bnotso ham,/ˈbnotso ham/,nf.,turtle
bnotz,/bnoʦ/,nm.,dictator
bnovem,/ˈbnovem/,nf.,rate
bnovemash,/ˈbnovemaʃ/,v.,rate
bnoy,/bnoj/,nm.,census
bnoyin,/ˈbnojin/,adj.,skinny
bnu,/bnu/,nf.,story; fable; history; plot; narrative
bnu',/bnuʔ/,nm.,underwear
bnug,/bnug/,v.,speculate; wonder
bnugo,/ˈbnugo/,v.,spawn
bnuh,/bnuh/,nm.,grid
bnuk,/bnuk/,nf.,battle; combat
bnukh,/bnuχ/,adj.,funny
bnul,/bnul/,nf.,chime
bnun,/bnun/,v.,prowl; lurk
bnush,/bnuʃ/,nf.,metro
bnushpa,/ˈbnuʃpa/,v.,defecate
bnut,/bnut/,nm.,membrane
bnuv,/bnuv/,nf.,arch; arc
bnuv khedu,/bnuv ˈχedu/,nf.,rainbow
bo,/bo/,nf.,color; hue; paint
bo',/boʔ/,adj.,good; competent; hot (attractive); fine (okay); moral
bod,/bod/,v.,may
bog,/bog/,nf.,memoir
boh,/boh/,nf.,spark
bol,/bol/,v.,survive
bom,/bom/,nm.,stump
bon,/bon/,v.,dial
bono,/ˈbono/,v.,surpass; excel
bor,/boʁ/,nf.,week
bosh,/boʃ/,nf.,tooth; tusk
bosh ey,/boʃ ej/,nm.,dentist
boshmu,/ˈboʃmu/,v.,intend
bosuyas,/ˈbosujas/,v.,blame; accuse; attribute
botz,/boʦ/,nm.,top; lid
bov,/bov/,v.,wake; wake up; get up
boy,/boj/,v.,charm
boyo,/ˈbojo/,nm.,monster; beast
bu,/bu/,nm.,kind; type
bu',/buʔ/,v.,recite
buh,/buh/,nm.,storm; turmoil; chaos; riot
buk,/buk/,adj.,stable; steady; safe
bum,/bum/,nm.,portion; segment
bumoh,/ˈbumoh/,nf.,ammunition
bun,/bun/,v.,hear
bunih,/ˈbunih/,nm.,hearing
bunor,/ˈbunoʁ/,v.,breed
buru,/ˈbuʁu/,nm.,sermon
busa,/ˈbusa/,nf.,farm; pasture; prairie
busa huve,/ˈbusa ˈhuve/,nf.,poultry
busak,/ˈbusak/,nm.,farmer
bush,/buʃ/,adv.,out
bushmat,/ˈbuʃmat/,nm.,trivia
but,/but/,nm.,boot
buv,/buv/,adj.,empty; vacant; hollow; tired (needing rest)
da,/da/,adv.,too
da,/da/,pron.,theirs (fem)
da',/daʔ/,nf.,message; note
dad,/dad/,v.,scare; frighten
dae,/ˈdae/,nf.,princess
dag,/dag/,prep.,during
dah,/dah/,nm.,tribunal
dak,/dak/,v.,dub
dakh,/daχ/,nf.,lime
dakrad,/ˈdakʁad/,v.,value
dakradih,/ˈdakʁadih/,nm.,value
dam,/dam/,adj.,due
dam'o',/ˈdamʔoʔ/,v.,discourage; deter
dama,/ˈdama/,nm.,bank; stock
damhar,/ˈdamhaʁ/,v.,dine
dan,/dan/,nf.,step (one level of stairs)
dane,/ˈdane/,nf.,cheek
dashma,/ˈdaʃma/,nm.,shed
de,/de/,v.,eat; drink
def,/def/,nf.,merchandise
defshe,/ˈdefʃe/,nf.,land; earth; ground; soil; country (rural area)
defshe 'unir,/ˈdefʃe ˈʔuniʁ/,nm.,potato
defshe zashe,/ˈdefʃe ˈzaʃe/,nm.,earthquake
defshe zmayum,/ˈdefʃe ˈzmajum/,nf.,geography
deke,/ˈdeke/,nm.,louse
deknid,/ˈdeknid/,nf.,bedroom
deko,/ˈdeko/,v.,circulate; publish
dekoh,/ˈdekoh/,nm.,circulation
del,/del/,v.,kill; murder
delak,/ˈdelak/,nm.,killer
dem,/dem/,nf.,loop; curl
der,/deʁ/,nm.,bicycle
des,/des/,nf.,adventure
det,/det/,nm.,gun; rifle
dev,/dev/,v.,supply
di,/di/,adj.,previous
did,/did/,nm.,surgery
die,/ˈdie/,adv.,previously
dif,/dif/,v.,accept
difuha,/ˈdifuha/,nm.,analogy
dig,/dig/,nm.,device; apparatus
dihetz,/ˈdiheʦ/,nm.,axis; axle
dik,/dik/,v.,sob; weep; mourn
dikh,/diχ/,nf.,sin; crime
dila,/ˈdila/,nf.,yogurt
dim,/dim/,v.,register
dimhel,/ˈdimhel/,nm.,abdomen
din,/din/,nm.,brother
dinid,/ˈdinid/,nm.,sweetheart
dir,/diʁ/,nf.,mountain
dirbakh,/ˈdiʁbaχ/,nf.,teenager; adolescent
dish,/diʃ/,nm.,glass; lens
dishboshpef,/ˈdiʃboʃpef/,nf.,curve
diskhash,/ˈdisχaʃ/,v.,bond
dit,/dit/,nm.,locker
ditale,/ˈditale/,nm.,tub; basin
ditz,/diʦ/,v.,vanish; disappear
div,/div/,v.,bust
diva,/ˈdiva/,v.,train
dix̂i,/ˈdiʕi/,nm.,propaganda
do,/do/,v.,boil; simmer
dof,/dof/,nm.,beer
dogmi,/ˈdogmi/,v.,bribe
doh,/doh/,v.,withdraw; take out; extract; reap
dom,/dom/,det.,every; each
dom kme',/dom kmeʔ/,nf.,society
domkes,/ˈdomkes/,nm.,pick
dor,/doʁ/,nf.,post
dorbi,/ˈdoʁbi/,v.,obsess
dosh,/doʃ/,v.,deliver
dotz,/doʦ/,v.,pat
dov,/dov/,v.,invite
doza,/ˈdoza/,nf.,shit
du,/du/,v.,show; demonstrate; express
du,/du/,pron.,you
dudam,/ˈdudam/,nm.,pavement
dufakh,/ˈdufaχ/,nm.,hero; idol
duh,/duh/,v.,comprehend; fathom
duhum,/ˈduhum/,nf.,souvenir
duk,/duk/,v.,predict
dum,/dum/,nm.,cigar
dun,/dun/,adj.,rigorous
dur,/duʁ/,v.,would
dush,/duʃ/,adj.,hard; solid
dushla,/ˈduʃla/,nf.,scissors
dut,/dut/,v.,disrupt
dutz,/duʦ/,v.,deserve
duy,/duj/,nm.,rib
duyfon,/ˈdujfon/,v.,reconcile
dvag,/dvag/,nm.,profit
dvah,/dvah/,v.,seek; ask (request)
dvahe,/ˈdvahe/,nf.,niece
dvakh,/dvaχ/,v.,fascinate
dval,/dval/,v.,visit; attend; show up
dvalak,/ˈdvalak/,nm.,visitor
dvali,/ˈdvali/,nm.,tool; machine
dvam,/dvam/,nf.,result; outcome
dvan,/dvan/,nm.,ceremony
dvar,/dvaʁ/,v.,kick
dvas,/dvas/,nm.,beam
dvase,/ˈdvase/,v.,test; analyze; inspect; scrutinize; examine
dvaseh,/ˈdvaseh/,nm.,analysis
dvaseh,/ˈdvaseh/,nm.,exam
dvash,/dvaʃ/,nf.,triangle
dvat,/dvat/,nf.,part; portion
dvatz,/dvaʦ/,prep.,except; besides
dvavad,/ˈdvavad/,nm.,process; procedure
dvayu,/ˈdvaju/,nf.,symptom
dve,/dve/,nm.,life (lifetime); life (soul)
dve',/dveʔ/,interj.,no
dveg,/dveg/,nm.,faith
dveh,/dveh/,nm.,stake
dvekh,/dveχ/,v.,introduce
dvel,/dvel/,nm.,crust; bark (of tree)
dveli,/ˈdveli/,nm.,navy
dven,/dven/,v.,listen
dvenkhrah,/ˈdvenχʁah/,nf.,team; gang
dver,/dveʁ/,v.,frown
dveskhada,/ˈdvesχada/,adj.,naive
dvet,/dvet/,nm.,air; gas; breeze; oxygen
dvet mak,/dvet mak/,nf.,throat
dvetsatzud,/ˈdvetsaʦud/,nm.,boulder
dvev,/dvev/,nf.,patient; victim
dvevikh,/ˈdveviχ/,nf.,zoo
dvey,/dvej/,v.,certify
dveyuv,/ˈdvejuv/,nm.,certificate
dvi,/dvi/,v.,try (attempt); attempt
dvi',/dviʔ/,nm.,lot
dvide,/ˈdvide/,adj.,pink
dvih,/dvih/,nm.,pottery
dvika,/ˈdvika/,nm.,tablet; slab; portion
dvikh,/dviχ/,v.,bluff
dvil,/dvil/,nm.,horn
dvime,/ˈdvime/,nm.,cannon
dvin,/dvin/,num.,ten
dvir,/dviʁ/,nm.,condition (requirement; stipulation)
dvit,/dvit/,nf.,horse
dvivkha,/ˈdvivχa/,v.,call (refer to by name)
dvix̂ak,/ˈdviʕak/,v.,volunteer; enlist
dviyo,/ˈdvijo/,v.,harm; abuse; torture
dviyov,/ˈdvijov/,nm.,abuse
dvo,/dvo/,v.,should
dvod,/dvod/,nf.,history; past
dvode,/ˈdvode/,nf.,voucher
dvof,/dvof/,adj.,high; loud; noisy
dvofin,/ˈdvofin/,nm.,height
dvog,/dvog/,v.,peer; glance
dvok,/dvok/,adj.,middle
dvok kle,/dvok kle/,nm.,midnight
dvok kmotz,/dvok kmoʦ/,nm.,middle class
dvokha,/ˈdvoχa/,nf.,chasm; cleavage
dvoli',/ˈdvoliʔ/,v.,beat (strike)
dvom,/dvom/,nm.,rumor; gossip
dvon,/dvon/,nm.,picture; image; appearance (looks); icon
dvor,/dvoʁ/,adj.,vague; ambiguous
dvos,/dvos/,adj.,curious
dvosh,/dvoʃ/,nm.,hallway; corridor
dvoylul,/ˈdvojlul/,nm.,double
dvu,/dvu/,nm.,fin (of fish)
dvu,/dvu/,pron.,them (masc)
dvudumka,/ˈdvudumka/,adj.,possible; plausible
dvudumkain,/ˈdvudumˌkain/,nm.,possibility
dvug,/dvug/,nf.,table; bench
dvugmed,/ˈdvugmed/,v.,allocate
dvuh,/dvuh/,nf.,surface
dvukh,/dvuχ/,nm.,intestine
dvul,/dvul/,nf.,enemy; villain
dvum,/dvum/,nm.,milk; semen
dvun,/dvun/,nm.,course (direction of travel)
dvunam,/ˈdvunam/,nf.,whiskey
dvur,/dvuʁ/,nm.,legend; myth
dvut,/dvut/,v.,act
dvutu,/ˈdvutu/,nm.,mistress
dvutz,/dvuʦ/,v.,forgive; excuse; vindicate
dvuyi,/ˈdvuji/,nf.,square
e,/e/,det.,any
ed,/ed/,adj.,silly; absurd
ef,/ef/,nm.,cage; prison; jail
efah,/ˈefah/,nm.,wedge
eg,/eg/,v.,regret; lament
egarim,/ˈegaʁim/,nm.,humor
ehik,/ˈehik/,nm.,nephew
ek,/ek/,nm.,south
ekh,/eχ/,nm.,level (degree; stage); rank (position)
ekhir,/ˈeχiʁ/,nm.,bow (weapon)
el,/el/,nm.,rank (military); rank (position)
eli,/ˈeli/,nf.,handcuff
elu,/ˈelu/,v.,sneeze
em,/em/,v.,work (function); work (have desired result)
emrakhil,/ˈemʁaχil/,nf.,bastard
en,/en/,v.,hate
ene,/ˈene/,nm.,project
enkhra,/ˈenχʁa/,v.,talk; speak; chat
enuv,/ˈenuv/,nm.,hate
eo,/ˈeo/,v.,wink
epi,/ˈepi/,v.,mention
er,/eʁ/,v.,understand; comprehend
era,/ˈeʁa/,adj.,relevant
es,/es/,v.,drink
es,/es/,nm.,drink
esek,/ˈesek/,adj.,drunk (inebriated)
esh,/eʃ/,adj.,lazy
eshi,/ˈeʃi/,nm.,dignity
eshpad,/ˈeʃpad/,nf.,wife
eskhem,/ˈesχem/,v.,restrict
et,/et/,v.,faint
ete'a,/ˈeteʔa/,nf.,rhythm
etret,/ˈetʁet/,nm.,twin
ev,/ev/,nm.,space (empty area); room (space)
ex̂e,/ˈeʕe/,nf.,miracle
exutz,/ˈexuʦ/,nm.,theory
ey,/ej/,nf.,doctor
ezem,/ˈezem/,nm.,click
ga,/ga/,adv.,just; barely; merely; hardly
gad,/gad/,v.,extinguish; put out; squash
gaf,/gaf/,nm.,journey; tour; voyage
gag,/gag/,nm.,lettuce
gah,/gah/,v.,deploy
gak,/gak/,v.,rest; nap
gakh,/gaχ/,v.,inhabit
gakru,/ˈgakʁu/,v.,comply; conform
gal,/gal/,adv.,forever
gam,/gam/,nf.,bargain
gam,/gam/,pron.,to his; to it (masc)
gamisho,/ˈgamiʃo/,nf.,butt
gan,/gan/,nm.,site
gaoy,/ˈgaoj/,nm.,resort
gape,/ˈgape/,det.,whose
gar,/gaʁ/,pron.,me
gase,/ˈgase/,adj.,short; low
gase kmotz,/ˈgase kmoʦ/,nf.,lower class
gase lat,/ˈgase lat/,nm.,infant
gashash,/ˈgaʃaʃ/,nf.,meadow
gashpi,/ˈgaʃpi/,nf.,spinach
gasi,/ˈgasi/,nm.,link; bridge
gatsan,/ˈgatsan/,nm.,article (text)
ge,/ge/,nm.,man; husband; boyfriend
ge,/ge/,pron.,to her; to it (fem)
geba,/ˈgeba/,adj.,rich; abundant; lush
geg,/geg/,adj.,pregnant
geh,/geh/,nm.,human
gekho,/ˈgeχo/,v.,write
gekhok,/ˈgeχok/,nm.,author; writer
gel,/gel/,v.,cuddle
get,/get/,nm.,pan; saucepan; pot
getz,/geʦ/,nm.,exit
gev,/gev/,nm.,shark
gevukh,/ˈgevuχ/,nf.,universe
gezdes,/ˈgezdes/,nf.,waist
gi,/gi/,prep.,before
gi,/gi/,pron.,to you all
gid,/gid/,nm.,orbit
gif,/gif/,v.,scream
gih,/gih/,v.,might
gikh,/giχ/,nm.,steel
gikhid,/ˈgiχid/,v.,guess; speculate
gikhid,/ˈgiχid/,nm.,guess
gikhir,/ˈgiχiʁ/,v.,advance; propel
gilaho,/ˈgilaho/,v.,hop
gim,/gim/,v.,wait
gin,/gin/,nm.,soap
gis,/gis/,nm.,state (province; country)
gish,/giʃ/,nm.,education
gitin,/ˈgitin/,adj.,exempt
gitz,/giʦ/,adj.,famous
giv,/giv/,v.,build; construct; erect; produce (manufacture)
givuv,/ˈgivuv/,nf.,product (item made)
giy,/gij/,nm.,technology
giyli,/ˈgijli/,adj.,elusive
giyoti,/ˈgijoti/,adj.,technological
gizdu,/ˈgizdu/,v.,embark
go,/go/,nm.,river; stream; creek
goat,/ˈgoat/,nm.,cupboard
god,/god/,v.,steal; rob; deprive
godi,/ˈgodi/,adj.,honest; innocent
gog,/gog/,adj.,red; purple
goh,/goh/,nf.,house; home
gohi,/ˈgohi/,nf.,mansion
gok,/gok/,v.,avoid
gol,/gol/,adj.,serial
gole,/ˈgole/,nm.,egg
gom,/gom/,nm.,pear
gonkhri,/ˈgonχʁi/,nf.,figure
gos,/gos/,v.,amuse
gosh,/goʃ/,v.,dominate
goshme,/ˈgoʃme/,nm.,screen; umbrella
got,/got/,adj.,distinct; apparent
gotzuta,/ˈgoʦuta/,nm.,scale (skin of reptiles)
goyetz,/ˈgojeʦ/,nm.,owl
gu,/gu/,num.,four
gu',/guʔ/,nm.,tail; ass (slang)
gud,/gud/,nm.,show (performance); play (stage play)
gudil,/ˈgudil/,v.,spell
gudiluv,/ˈgudiluv/,nm.,spelling
gug,/gug/,nm.,visit
guk,/guk/,adj.,rough
gukh,/guχ/,nm.,ear
gukh dem,/guχ dem/,nm.,earring
gul,/gul/,v.,strip
gun,/gun/,adj.,sole; lone
gunod,/ˈgunod/,nm.,skeptic
gut,/gut/,v.,leak; sink
gut,/gut/,pron.,they (masc)
guyfekh,/ˈgujfeχ/,nm.,limit
ha,/ha/,pron.,yours (pl)
ha',/haʔ/,v.,connect; attach; stick; cling
ha'e,/ˈhaʔe/,adj.,sticky
ha'il,/ˈhaʔil/,nm.,plane
habeh,/ˈhabeh/,nf.,doll
had,/had/,adj.,delicious
haf,/haf/,adj.,serious; sincere; severe; earnest
hafshe,/ˈhafʃe/,nm.,professor
hah,/hah/,v.,graze (feed on)
hahe,/ˈhahe/,nf.,issue; concern
hakhno,/ˈhaχno/,v.,cut; shave; tear; rip
hakhnov,/ˈhaχnov/,nm.,cut
hala,/ˈhala/,nf.,cotton
halitza,/ˈhaliʦa/,nf.,policy
ham,/ham/,nm.,frog
hamni,/ˈhamni/,nm.,food; meal; cuisine
hamni goh,/ˈhamni goh/,nm.,restaurant
hamnul,/ˈhamnul/,adv.,less
hane,/ˈhane/,nm.,prophet
hasha,/ˈhaʃa/,v.,spoil
hashi,/ˈhaʃi/,v.,belong
hashlodam,/ˈhaʃlodam/,adj.,rugged
hashte,/ˈhaʃte/,nf.,counter (flat; elevated surface)
hat,/hat/,v.,stretch; pull
hata',/ˈhataʔ/,v.,quit; surrender; give up
hatz,/haʦ/,nm.,elbow
hav,/hav/,v.,prove
havih,/ˈhavih/,nf.,proof
hax̂ar,/ˈhaʕaʁ/,nf.,goat
hay,/haj/,prep.,inside
hayfe,/ˈhajfe/,nf.,compost; fertilizer
hayfim,/ˈhajfim/,v.,perform; behave
hayfimih,/ˈhajfimih/,nf.,behavior
hayfimih,/ˈhajfimih/,nm.,action (movement)
hazda,/ˈhazda/,nm.,content
he,/he/,adj.,large; huge
he',/heʔ/,nm.,pool
he'ekni,/ˈheʔekni/,nf.,feast; festival
hebo,/ˈhebo/,adj.,elegant
hed,/hed/,nf.,juice; blood
heh,/heh/,nf.,conference
heknu,/ˈheknu/,nf.,bracket
hela,/ˈhela/,nf.,cat; vagina (slang)
helai,/ˈhelai/,nf.,kitten
hem,/hem/,adj.,whole; entire
hem'i,/ˈhemʔi/,nm.,violin
hema',/ˈhemaʔ/,v.,demand; impose
hen,/hen/,v.,dismiss
heod,/ˈheod/,v.,manipulate
herbet,/ˈheʁbet/,v.,fade; evaporate
hes,/hes/,nf.,mosquito
heshash,/ˈheʃaʃ/,nm.,fort; citadel
hesi,/ˈhesi/,nf.,craft
hey,/hej/,nm.,bully
hi,/hi/,v.,decide
hi,/hi/,det.,their (fem)
hi',/hiʔ/,v.,exploit
hidem,/ˈhidem/,v.,devastate
hih,/hih/,nm.,decision
hilam,/ˈhilam/,nf.,parsley
hilas,/ˈhilas/,adj.,handsome
hilo,/ˈhilo/,nf.,dust; flour
hiludo,/ˈhiludo/,adj.,soft
him,/him/,v.,hit; punch; collide
himni,/ˈhimni/,nm.,ring
hipimtza,/ˈhipimʦa/,prep.,beside
his,/his/,nm.,shack
hish,/hiʃ/,v.,achieve; accomplish
hixi,/ˈhixi/,nf.,meeting
hixiash,/ˈhixiaʃ/,v.,meet
hiyae,/ˈhijae/,nf.,clock
ho,/ho/,nf.,way; manner; process; style; fashion
ho',/hoʔ/,v.,miss (long for)
hod,/hod/,adj.,mobile; portable
hof,/hof/,nf.,orchestra; choir
hogmi,/ˈhogmi/,nf.,pattern; style; motif
hok,/hok/,v.,sip
hokhir,/ˈhoχiʁ/,nm.,block; brick; cube
holo,/ˈholo/,v.,shrug
hom,/hom/,adv.,why
hon,/hon/,nf.,cork
hor,/hoʁ/,nm.,stew; soup
horbo,/ˈhoʁbo/,nm.,ribbon; tape
hose,/ˈhose/,v.,please
hoseh,/ˈhoseh/,nf.,pleasure
hoshi,/ˈhoʃi/,conj.,if
hoshmitz,/ˈhoʃmiʦ/,nf.,skeleton; carcass; fossil
hot,/hot/,nm.,bread
hotsokh,/ˈhotsoχ/,nf.,cell (room in a prison)
hox̂ashpi,/ˈhoʕaʃpi/,nm.,glove
hoy,/hoj/,adj.,major
hoyfi,/ˈhojfi/,nm.,drama
hozi,/ˈhozi/,nm.,tab
hu,/hu/,prep.,out
hua,/ˈhua/,v.,bloom; blossom; flourish; sprout
hud,/hud/,v.,yank; jerk; tug; tow
huf,/huf/,nf.,vocabulary
hug,/hug/,v.,spill
huh,/huh/,nm.,plague
hukhnokh,/ˈhuχnoχ/,nm.,torch; candle
hul,/hul/,nm.,authority
hulash,/ˈhulaʃ/,v.,authorize
huma,/ˈhuma/,nf.,spirit; soul
hun,/hun/,det.,few
hur,/huʁ/,v.,cause; induce; provoke; generate; evoke; arouse
hurih,/ˈhuʁih/,nm.,cause
hus,/hus/,v.,complete
hushte,/ˈhuʃte/,nm.,ice; diamond
huv,/huv/,v.,divide; segregate
huve,/ˈhuve/,nm.,bird
huvih,/ˈhuvih/,nm.,division
huy,/huj/,nm.,half
huyo,/ˈhujo/,adv.,etcetera
i,/i/,nf.,mother
i',/iʔ/,v.,lean; tilt
i'osh,/ˈiʔoʃ/,nm.,sap
ibo,/ˈibo/,v.,cull
id,/id/,v.,wreck; ruin
idakh,/ˈidaχ/,prep.,near
idu,/ˈidu/,nf.,mass
ie,/ˈie/,nm.,weapon
ieah,/ˈieah/,nf.,armory
if,/if/,nm.,corpse
ih,/ih/,nm.,alcohol; liquor
ik,/ik/,nf.,benefit
ikan,/ˈikan/,v.,review
ikh,/iχ/,nm.,spear; lance; pike; dart
ikhnor,/ˈiχnoʁ/,nm.,nail
iknad,/ˈiknad/,v.,move; come
iknadih,/ˈiknadih/,nm.,movement; motion
il,/il/,nf.,pond
ile,/ˈile/,v.,smash; shatter
ili,/ˈili/,nm.,snow
iliash,/ˈiliaʃ/,v.,snow
im,/im/,adj.,tired (needing sleep); tired (needing rest)
im'en,/ˈimʔen/,nm.,constitution
imarbo,/ˈimaʁbo/,nf.,tear
imhu,/ˈimhu/,nf.,bachelor
imran,/ˈimʁan/,nm.,comfort
imraniv,/ˈimʁaniv/,adj.,comfortable
imre,/ˈimʁe/,v.,promise; assure
in,/in/,det.,which
in,/in/,pron.,which
inu,/ˈinu/,nm.,paper; document; contract; pact
ir,/iʁ/,adv.,later
irbe,/ˈiʁbe/,v.,rock (move back and forth)
irbuy,/ˈiʁbuj/,nm.,wizard; witch
ireh,/ˈiʁeh/,nm.,lottery
is,/is/,nm.,platter
is,/is/,pron.,mine
ish,/iʃ/,nm.,base; ground
ishbu,/ˈiʃbu/,adj.,automatic
ishme,/ˈiʃme/,nf.,appliance
iskhezan,/ˈisχezan/,v.,neglect; overlook
it,/it/,v.,sleep
it,/it/,nf.,sleep
itz,/iʦ/,nf.,honey
itz,/iʦ/,det.,their (masc)
itza,/ˈiʦa/,nm.,record (written account); contract
itzaash,/ˈiʦaaʃ/,v.,record
iu,/ˈiu/,v.,attract; lure
iv,/iv/,v.,have; own; get; include
ivak,/ˈivak/,nf.,owner
iyfu,/ˈijfu/,nm.,cathedral
izdo,/ˈizdo/,nf.,drought
ka,/ka/,prep.,by (using the means of); by (using a route)
ka'a,/ˈkaʔa/,nm.,expression (facial)
ka'o,/ˈkaʔo/,nm.,niche
kadel,/ˈkadel/,nf.,toddler
kaf,/kaf/,v.,offend
kafe,/ˈkafe/,nm.,thorn
kafe,/ˈkafe/,adj.,offensive
kag,/kag/,v.,stab
kag tilma,/kag ˈtilma/,nf.,dagger
kah,/kah/,nm.,ferry
kahe,/ˈkahe/,v.,keep (not return)
kahimri,/ˈkahimʁi/,nf.,burger
kai,/ˈkai/,v.,drag
kak,/kak/,v.,bite
kakh,/kaχ/,adv.,maybe; perhaps
kakhno,/ˈkaχno/,adj.,shy; reluctant
kal,/kal/,nf.,bed
kala,/ˈkala/,nm.,pump
kam,/kam/,nm.,helmet
kamki,/ˈkamki/,adj.,live
kamtza,/ˈkamʦa/,v.,avert; divert
kan,/kan/,nm.,cigarette
kar,/kaʁ/,v.,pollute
kas,/kas/,nm.,shrimp
kasemha,/ˈkasemha/,adj.,gradual
kash,/kaʃ/,adj.,fast; smart; intelligent; quick; swift
kashatef,/ˈkaʃatef/,v.,swirl
kashbi,/ˈkaʃbi/,v.,persist; linger
kashe,/ˈkaʃe/,adv.,quickly
kashmur,/ˈkaʃmuʁ/,v.,feed
kashpah,/ˈkaʃpah/,nf.,quilt
kat,/kat/,nf.,host
kateho,/ˈkateho/,v.,panic
katz,/kaʦ/,nf.,page
kav,/kav/,nf.,nerve
kax̂ea,/ˈkaʕea/,adj.,evil; mean
kax̂u,/ˈkaʕu/,v.,pierce; penetrate
kay,/kaj/,nm.,sadness; sorrow
kayag,/ˈkajag/,v.,prefer
kayeyed,/ˈkajejed/,nm.,mall
kayiv,/ˈkajiv/,adj.,sad
kayu,/ˈkaju/,nf.,pumpkin
ke,/ke/,prep.,for (in favor of)
ke,/ke/,det.,her
ke',/keʔ/,nm.,fairy
keg,/keg/,nm.,bridge; platform
keh,/keh/,nm.,fire; flame
keih,/ˈkeih/,v.,illustrate
kek,/kek/,adj.,sore
kekh,/keχ/,nf.,goblin
kekhon,/ˈkeχon/,nf.,silk
keknos,/ˈkeknos/,adj.,slow
kel,/kel/,nm.,alphabet
kela,/ˈkela/,nf.,clerk; accountant
kem,/kem/,adv.,together
kemnel,/ˈkemnel/,v.,vote
ken,/ken/,nf.,frame
ker,/keʁ/,nf.,glue; paste
kera,/ˈkeʁa/,nf.,fang
kered,/ˈkeʁed/,nm.,massacre
kesh,/keʃ/,adj.,easy; simple
keshe,/ˈkeʃe/,adv.,simply
keshla,/ˈkeʃla/,nf.,reef
keshpakned,/ˈkeʃpakned/,v.,like; enjoy
keshto,/ˈkeʃto/,nf.,fear
ket,/ket/,nf.,gender
ketsu,/ˈketsu/,nm.,mathematics
ketzash,/ˈkeʦaʃ/,v.,foster; adopt
kev,/kev/,nm.,news
kevo,/ˈkevo/,v.,exert
key,/kej/,nm.,paw
keyfayfi,/ˈkejfajfi/,v.,pose
kha,/χa/,nf.,child (son or daughter of any age); offspring
kha,/χa/,det.,your
kha',/χaʔ/,nf.,business
kha'ish,/ˈχaʔiʃ/,v.,wear; put on
khabo,/ˈχabo/,v.,mold
khad,/χad/,nf.,rake
khadogmu,/ˈχadogmu/,v.,face; fight; confront
khafshus,/ˈχafʃus/,nm.,hobby
khagon,/ˈχagon/,nm.,ledge
khakham,/ˈχaχam/,v.,elevate
khakhamuv,/ˈχaχamuv/,nm.,elevation
khakhog,/ˈχaχog/,v.,destroy
khakhogih,/ˈχaχogih/,nf.,destruction
khal,/χal/,adj.,last (final); last (previous)
khamam,/ˈχamam/,v.,drip
khamtzi,/ˈχamʦi/,nf.,compass
khar,/χaʁ/,adv.,most
khari,/ˈχaʁi/,nm.,chin; beard
kharo,/ˈχaʁo/,nm.,race (competition)
khas,/χas/,v.,think; guess; ponder; meditate
khaset,/ˈχaset/,nf.,leather
khash,/χaʃ/,nm.,armor
khashme,/ˈχaʃme/,nm.,counsel
khasih,/ˈχasih/,nf.,thought
khat,/χat/,nf.,jaw
khatefo,/ˈχatefo/,adj.,ignorant
khatz,/χaʦ/,adj.,parallel
khav,/χav/,adj.,specific; definite; particular
khay,/χaj/,nm.,crowd; audience
khazdi,/ˈχazdi/,nm.,mast
khe,/χe/,det.,no
khe'aror,/ˈχeʔaʁoʁ/,nm.,pig; pork
khedu,/ˈχedu/,nm.,cloud; mist
khef,/χef/,nm.,ally
kheg,/χeg/,v.,stir; toss; stoke
kheh,/χeh/,v.,possess
khekh,/χeχ/,nf.,joke
khekhush,/ˈχeχuʃ/,adj.,cruel
kheku,/ˈχeku/,nf.,road; street; avenue; artery
kheme,/ˈχeme/,v.,choke; gag
khen,/χen/,nm.,fan
kher,/χeʁ/,v.,spin
khesok,/ˈχesok/,nm.,passenger
khetz,/χeʦ/,nm.,vampire
khevo,/ˈχevo/,nf.,seat; chair; buttocks; stool (seat)
khey,/χej/,nf.,pillar
kheyar,/ˈχejaʁ/,v.,decay
khi,/χi/,nm.,family (children and parents); family (related by blood)
khia,/ˈχia/,nm.,factory; mill; laboratory
khid,/χid/,nm.,mud; swamp
khida,/ˈχida/,nm.,prison; jail; dungeon
khidak,/ˈχidak/,nf.,prisoner
khie,/ˈχie/,v.,scratch; scrape
khig,/χig/,nm.,piece; member
khih,/χih/,nf.,broth
khik,/χik/,nf.,lap
khikam,/ˈχikam/,v.,sew
khil,/χil/,v.,do; make; create; prepare; establish; perform; compel; put (cause to be); rehearse
khilu,/ˈχilu/,nm.,patriot
khim,/χim/,nf.,silver
khitsa,/ˈχitsa/,v.,taste
khitz,/χiʦ/,conj.,even
khiy,/χij/,nm.,empire
kho,/χo/,prep.,across
khod,/χod/,nf.,beverage
khode,/ˈχode/,nm.,leg; foot
khof,/χof/,nm.,canyon
khog,/χog/,nm.,mess
khogiv,/ˈχogiv/,adj.,messy
khom,/χom/,nm.,balcony; porch; terrace
khomka,/ˈχomka/,v.,discharge; excuse
khomkav,/ˈχomkav/,nm.,excuse
khon,/χon/,adj.,safe; immune
khon,/χon/,pron.,us
khor,/χoʁ/,v.,tease
khoshtu,/ˈχoʃtu/,nf.,maid
khotz,/χoʦ/,nm.,coconut
khotza,/ˈχoʦa/,v.,sneak; creep; lurk
khovkhim,/ˈχovχim/,adv.,again
khoy,/χoj/,nm.,lesbian
khozush,/ˈχozuʃ/,nm.,survey
khu,/χu/,nf.,group; flock
khu',/χuʔ/,v.,indicate
khu'agmo,/ˈχuʔagmo/,nf.,schedule; roster
khud,/χud/,adj.,temporary; brief
khudu,/ˈχudu/,nm.,servant; waiter
khuf,/χuf/,nf.,present (time)
khug,/χug/,v.,nod
khuh,/χuh/,v.,harass; intimidate
khuk,/χuk/,nm.,temple
khukh,/χuχ/,v.,wash; rinse; flush
khukho,/ˈχuχo/,nm.,prototype
khukhu,/ˈχuχu/,nm.,iron
khukniy,/ˈχuknij/,v.,thrust; propel
khul,/χul/,adj.,big; great (very large); massive; enormous; heavy
khum,/χum/,v.,separate; isolate; segregate
khur,/χuʁ/,nm.,nose; beak; point; nostril
khush,/χuʃ/,nf.,version
khushbelur,/ˈχuʃbeluʁ/,nm.,tower
khushto,/ˈχuʃto/,nf.,composite; hybrid
khutz,/χuʦ/,nf.,flood
khuv,/χuv/,v.,remove; take out; deprive; take away; abolish; erase
khuyel,/ˈχujel/,nm.,altitude
ki,/ki/,adv.,very; really; pretty
ki',/kiʔ/,nm.,acronym
kid,/kid/,v.,contain
kidak,/ˈkidak/,nm.,container
kide,/ˈkide/,v.,donate
kif,/kif/,det.,what
kif,/kif/,pron.,what
kig,/kig/,num.,first
kih,/kih/,nm.,son
kik,/kik/,nm.,smoke; gas
kika',/ˈkikaʔ/,nm.,dusk; twilight
kikh,/kiχ/,v.,combine
kikhe',/ˈkiχeʔ/,nm.,fat (component in food)
kikhnot,/ˈkiχnot/,adj.,deliberate
kiknokh,/ˈkiknoχ/,nf.,upper class
kikrav,/ˈkikʁav/,nf.,gallery (art)
kil,/kil/,v.,judge
kim,/kim/,nm.,gold
kimiv,/ˈkimiv/,adj.,golden
kimka,/ˈkimka/,nm.,amateur
kin,/kin/,adv.,however
kinkhri,/ˈkinχʁi/,nf.,officer
kino,/ˈkino/,nf.,diet
kiol,/ˈkiol/,v.,argue; debate
kiolih,/ˈkiolih/,nf.,argument
kiri,/ˈkiʁi/,adj.,attractive
kis,/kis/,nf.,health
kish,/kiʃ/,adj.,only
kishlikh,/ˈkiʃliχ/,nm.,game; toy; sport
kishme,/ˈkiʃme/,v.,murmur; hum
kishta,/ˈkiʃta/,nm.,dot
kisiv,/ˈkisiv/,adj.,healthy
kitz,/kiʦ/,nf.,discourse; rhetoric
kixo,/ˈkixo/,adj.,angry; mad
kixoin,/ˈkixoin/,nm.,anger
kiyim,/ˈkijim/,nm.,rationale
kiyo,/ˈkijo/,adj.,jealous
kize,/ˈkize/,v.,define
kla,/kla/,adv.,then
klad,/klad/,nm.,crack; fracture
kladash,/ˈkladaʃ/,v.,crack
klaf,/klaf/,nm.,guide
klag,/klag/,nf.,rebel
klagah,/ˈklagah/,v.,carry
klah,/klah/,adj.,tense; firm
klahin,/ˈklahin/,nf.,tension
klak,/klak/,nf.,emphasis
klakash,/ˈklakaʃ/,v.,emphasize
klakhek,/ˈklaχek/,v.,keep (store); store
klalay,/ˈklalaj/,nf.,tragedy
klan,/klan/,nm.,angle; corner
klankhrer,/ˈklanχʁeʁ/,nf.,urge
klar,/klaʁ/,nm.,map; layout; diagram
klas,/klas/,nm.,shooting star
klasu',/ˈklasuʔ/,nm.,shelter; bunker
klat,/klat/,nm.,linen; fabric; textile; napkin
klatz,/klaʦ/,adj.,wet; damp; moist
klatzin,/ˈklaʦin/,nf.,moisture
kle,/kle/,nm.,night
kle',/kleʔ/,nm.,coral
kled,/kled/,nf.,coin
klef,/klef/,nf.,atom
kleh,/kleh/,prep.,throughout
klek,/klek/,adj.,flat
klekh,/kleχ/,nm.,closure
klemri,/ˈklemʁi/,nm.,coincidence
klen,/klen/,nm.,desert
klen dvit,/klen dvit/,nm.,camel
klena,/ˈklena/,v.,affect; influence
klesom,/ˈklesom/,nf.,lever; knob; trigger
klev,/klev/,nf.,thunder
kleyar,/ˈklejaʁ/,nm.,dune
kli,/kli/,nm.,church; chapel; religion; cult
klid,/klid/,nm.,paint
klidak,/ˈklidak/,nf.,painter
klig,/klig/,nf.,topic; theme
klike,/ˈklike/,nm.,stripe; strip
klikh,/kliχ/,nm.,flaw; defect; scar
klikhne,/ˈkliχne/,adj.,alternate
klim,/klim/,nm.,assassin
klimash,/ˈklimaʃ/,v.,assassinate
klimhi,/ˈklimhi/,nm.,calf
klir,/kliʁ/,v.,describe
klira,/ˈkliʁa/,v.,respect; worship
klira,/ˈkliʁa/,nm.,respect
klirih,/ˈkliʁih/,nm.,description
klis,/klis/,adj.,sharp; steep
klish,/kliʃ/,adj.,awkward
kliti,/ˈkliti/,adj.,religious
kliy,/klij/,nf.,key
kliyu,/ˈkliju/,v.,whisper
klizem,/ˈklizem/,v.,burst; explode; blow up; blast; erupt
klo,/klo/,v.,start; begin
klog,/klog/,adj.,dry; sober
klogash,/ˈklogaʃ/,nf.,dish; platter
kloh,/kloh/,nm.,powder
kloh,/kloh/,nm.,start; beginning
klol,/klol/,v.,insist; protest
klolmit,/ˈklolmit/,v.,blend
klolu,/ˈklolu/,nm.,lobster
klom,/klom/,nf.,resource
klor,/kloʁ/,v.,tackle
kloskhi,/ˈklosχi/,nm.,coffee
kloskhiah,/ˈklosχiah/,nf.,cafe
klotz,/kloʦ/,v.,contradict
kloy,/kloj/,nm.,blasphemy; heresy
kloyfi,/ˈklojfi/,nm.,biscuit
kloyik,/ˈklojik/,nm.,dragon
klu,/klu/,v.,seem; appear; reveal; expose
klud,/klud/,nm.,candidate
kluh,/kluh/,v.,convince
kluh,/kluh/,nm.,appearance (act of appearing)
kluk,/kluk/,adj.,dumb
klukakri,/ˈklukakʁi/,v.,feign
klukh,/kluχ/,adj.,aroused (sexually)
klum,/klum/,nf.,maximum
klum'e,/ˈklumʔe/,v.,cast; fling; hurl
klurid,/ˈkluʁid/,v.,punish
klus,/klus/,nm.,revolution
klush,/kluʃ/,nm.,tone; pitch
klushikhu,/ˈkluʃiχu/,adj.,warm
klushpa,/ˈkluʃpa/,nm.,hammer
klut,/klut/,v.,detect
klut,/klut/,pron.,to them (fem)
klutz,/kluʦ/,v.,dive
kma,/kma/,v.,reach; achieve; accomplish
kmado,/ˈkmado/,adj.,fake
kmah,/kmah/,nm.,license
kmahakh,/ˈkmahaχ/,adj.,able; capable; competent; ready
kmahakhin,/ˈkmahaχin/,nf.,ability
kmala',/ˈkmalaʔ/,nf.,sign; signal
kmam,/kmam/,nm.,garbage; trash; rubbish; rubble; debris
kmam'as,/ˈkmamʔas/,nm.,beach
kmam'ih,/ˈkmamʔih/,nm.,lease
kman,/kman/,nf.,pet
kmar,/kmaʁ/,v.,crush; grind; squash; cram; jam; squeeze
kmara',/ˈkmaʁaʔ/,v.,betray
kmas,/kmas/,nm.,blur
kmatz,/kmaʦ/,nf.,shoe
kmav,/kmav/,prep.,per; for each
kmayao,/ˈkmajao/,v.,polish; shine; glare
kmayli,/ˈkmajli/,v.,dance
kmaylik,/ˈkmajlik/,nm.,dancer
kmazdar,/ˈkmazdaʁ/,nm.,venue
kme,/kme/,adj.,happy
kme',/kmeʔ/,nm.,person
kme'oti,/ˈkmeʔoti/,adj.,personal
kmeh,/kmeh/,v.,hold; support
kmehak,/ˈkmehak/,nm.,tray
kmei,/ˈkmei/,adj.,excellent; fantastic; wonderful; fabulous; terrific; superb; amazing
kmein,/ˈkmein/,nm.,happiness
kmekh,/ˈkmeχ/,nf.,dwarf
kmekh,/kmeχ/,interj.,yes
kmel,/kmel/,nf.,bitch
kmeli,/ˈkmeli/,nm.,theater; stage; arena
kmem,/kmem/,adj.,significant
kmemtzo,/ˈkmemʦo/,nm.,shoulder
kmen,/kmen/,nm.,worm
kmer,/kmeʁ/,v.,accumulate
kmesh,/kmeʃ/,v.,ask (inquire); inquire
kmeshih,/ˈkmeʃih/,nm.,question
kmeskha,/ˈkmesχa/,nm.,buttocks; ass
kmesu,/ˈkmesu/,v.,soak; drench; saturate; irrigate
kmetz,/kmeʦ/,nm.,lord
kmevkho,/ˈkmevχo/,nm.,east
kmey,/kmej/,v.,flick
kmezdef,/ˈkmezdef/,v.,pass; occur
kmi,/kmi/,conj.,but
kmi',/kmiʔ/,nf.,widow
kmif,/kmif/,nm.,crown
kmikna,/ˈkmikna/,nf.,jersey; sweater
kmiknu,/ˈkmiknu/,v.,consolidate
kmil,/kmil/,v.,compel; oblige
kmim,/kmim/,v.,surprise; astonish; shock; startle
kmipev,/ˈkmipev/,v.,sway
kmir,/kmiʁ/,nm.,song; music
kmirak,/ˈkmiʁak/,nf.,singer
kmirash,/ˈkmiʁaʃ/,v.,sing
kmis,/kmis/,nm.,sum
kmiskhi,/ˈkmisχi/,v.,lure
kmit,/kmit/,nm.,hurricane
kmitz,/kmiʦ/,v.,limp
kmiv,/kmiv/,nf.,demise
kmives,/ˈkmives/,nm.,fund; charity
kmix̂an,/ˈkmiʕan/,v.,discuss
kmix̂anih,/ˈkmiʕanih/,nm.,discussion
kmiy,/kmij/,v.,mean (signify)
kmo,/kmo/,v.,want; crave; lack
kmod,/kmod/,v.,relate; affiliate; correlate; connect; assign
kmoduv,/ˈkmoduv/,nf.,relationship
kmofi,/ˈkmofi/,adv.,well
kmoh,/kmoh/,nm.,default
kmoiv,/ˈkmoiv/,nf.,bear
kmok,/kmok/,nm.,premise
kmokh,/kmoχ/,nm.,corn
kmokhta,/ˈkmoχta/,nf.,coat; jacket; layer; cloak
kmom,/kmom/,adj.,fuzzy
kmon,/kmon/,adj.,loyal
kmosh,/kmoʃ/,v.,wipe
kmoshmon,/ˈkmoʃmon/,nm.,wine
kmoshmonah,/ˈkmoʃmonah/,nf.,winery
kmotz,/kmoʦ/,nm.,class
kmotzatz,/ˈkmoʦaʦ/,nf.,vine
kmoyo,/ˈkmojo/,nf.,trumpet; alarm
kmu,/kmu/,nf.,reason; logic; idea; concept
kmu',/kmuʔ/,nf.,specimen
kmuf,/kmuf/,v.,ask (invite)
kmuiv,/ˈkmuiv/,adj.,reasonable
kmuk,/kmuk/,v.,congregate
kmukhi,/ˈkmuχi/,nm.,rail
kmukno,/ˈkmukno/,v.,receive; acquire
kmul,/kmul/,v.,rape; assault
kmum,/kmum/,nm.,explanation
kmumash,/ˈkmumaʃ/,v.,explain
kmumre,/ˈkmumʁe/,v.,interrogate
kmunieg,/ˈkmunieg/,v.,roll; rotate; revolve
kmut,/kmut/,nf.,border; boundary; margin; verge; perimeter
kmuti,/ˈkmuti/,adj.,logical
kmutz,/kmuʦ/,nf.,organ
kmuya,/ˈkmuja/,v.,crumple; ruffle
ko,/ko/,adj.,long
ko',/koʔ/,adj.,tropical
kod,/kod/,nm.,glory
kog,/kog/,v.,plant
koin,/ˈkoin/,nm.,length
kok,/kok/,adv.,almost
koli,/ˈkoli/,v.,recycle
kom,/kom/,v.,enjoy; appreciate
komhak,/ˈkomhak/,adj.,backward
kon,/kon/,nm.,month
koni,/ˈkoni/,adj.,probable
konie,/ˈkonie/,adv.,probably
kor,/koʁ/,adv.,either
kora,/ˈkoʁa/,nm.,boat; ship; raft; yacht
korak,/ˈkoʁak/,nm.,sailor
kosh,/koʃ/,v.,mark; stain
kosha,/ˈkoʃa/,nm.,maze
koshekh,/ˈkoʃeχ/,nf.,wall
koshti,/ˈkoʃti/,nf.,code
kosul,/ˈkosul/,nm.,bruise
kot,/kot/,nm.,box; crate
koyfe,/ˈkojfe/,nm.,breed
koyu,/ˈkoju/,nm.,civilization
koyuiv,/ˈkojuiv/,adj.,civilized
ku,/ku/,adv.,how
kud,/kud/,nm.,fatigue
kuf,/kuf/,nm.,syrup
kug,/kug/,nf.,mind (thinking faculty)
kug zmayum,/kug ˈzmajum/,nf.,psychology
kug zmayumak,/kug ˈzmajumak/,nm.,psychologist
kuh,/kuh/,v.,defy
kuk,/kuk/,nm.,giant
kukhne,/ˈkuχne/,v.,roast
kukhne hot,/ˈkuχne hot/,nf.,toast
kulishma,/ˈkuliʃma/,nf.,dawn
kum,/kum/,v.,solve; figure out; deduce
kumha,/ˈkumha/,v.,treat
kumhah,/ˈkumhah/,nm.,treatment
kumho,/ˈkumho/,v.,thank; praise; bless
kupebot,/ˈkupebot/,v.,tangle
kupo,/ˈkupo/,v.,conquer
kupoh,/ˈkupoh/,nm.,conquest
kupos,/ˈkupos/,nf.,pulse
kur,/kuʁ/,v.,manifest
kuri,/ˈkuʁi/,v.,manufacture
kush,/kuʃ/,nm.,tax; tariff
kushamra,/ˈkuʃamʁa/,nf.,rabbit
kushif,/ˈkuʃif/,nm.,language
kushmenkhran,/ˈkuʃmenχʁan/,nm.,stool (seat)
kut,/kut/,nm.,ray (of light); radius
kutz,/kuʦ/,nf.,chest
kuv,/kuv/,nf.,core; nucleus
kuvkho,/ˈkuvχo/,nm.,witness
kuy,/kuj/,nf.,chick (girl)
kuyfekh,/ˈkujfeχ/,adj.,eager
kuze,/ˈkuze/,v.,sentence
kva,/kva/,nm.,rain
kva',/kvaʔ/,nm.,forehead; brow
kvad,/kvad/,adv.,behind; back
kvaku,/ˈkvaku/,nf.,hotel
kvalel,/ˈkvalel/,adj.,wrong
kvam,/kvam/,nf.,compliment
kvan,/kvan/,nf.,island
kvano,/ˈkvano/,nm.,trauma
kvar,/kvaʁ/,nm.,toy
kvas,/kvas/,nf.,clothes; clothing; garment
kvase,/ˈkvase/,nm.,tree; plant; shrub; forest; jungle
kvase riveg,/ˈkvase ˈʁiveg/,nf.,branch (tree part)
kvash,/kvaʃ/,nm.,tense
kvat,/kvat/,nm.,artillery
kvatz,/kvaʦ/,nm.,nickname
kvay,/kvaj/,v.,strive
kve,/kve/,v.,lay; deposit
kve',/kveʔ/,v.,smuggle
kved,/kved/,nm.,contact
kveh,/kveh/,nm.,partner; spouse
kvel,/kvel/,interj.,welcome
kveliv,/ˈkveliv/,nm.,chord
kvem,/kvem/,v.,catch; grab
kveme,/ˈkveme/,nm.,sibling
kvemra,/ˈkvemʁa/,nm.,symbol
kven,/kven/,v.,admit; confess
kvenkhra,/ˈkvenχʁa/,nm.,compound
kvepih,/ˈkvepih/,nf.,coal
kves,/kves/,adj.,ugly; awful; terrible
kveshi,/ˈkveʃi/,v.,squat
kveshpi,/ˈkveʃpi/,nf.,loaf; cake
kvetz,/kveʦ/,v.,carry out; implement
kvev,/kvev/,nf.,husband
kvex̂ud,/ˈkveʕud/,nm.,inn; lodge
kveya,/ˈkveja/,adj.,poor
kvezar,/ˈkvezaʁ/,nm.,dream
kvezar,/ˈkvezaʁ/,v.,dream
kvi,/kvi/,v.,say; tell; state; notify; inform
kvi'e,/ˈkviʔe/,nm.,lounge; couch; sofa
kvidol,/ˈkvidol/,nf.,target
kvif,/kvif/,v.,jump
kvih,/kvih/,nm.,drum
kvilekhi,/ˈkvileχi/,v.,sponsor
kvilu,/ˈkvilu/,adj.,cool (slightly cold)
kvin,/kvin/,adj.,damn
kvinid,/ˈkvinid/,nm.,metropolis
kviram,/ˈkviʁam/,nf.,spike
kvis,/kvis/,nm.,horizon
kvish,/kviʃ/,adv.,therefore; thus
kvishe,/ˈkviʃe/,v.,clarify
kvit,/kvit/,v.,bore
kvite,/ˈkvite/,adj.,boring
kvivkhi,/ˈkvivχi/,nm.,oven
kvix̂i,/ˈkviʕi/,nm.,male
kviyish,/ˈkvijiʃ/,nf.,barrel
kvo,/kvo/,nf.,lunch
kvof,/kvof/,v.,interpret; translate
kvohir,/ˈkvohiʁ/,adv.,ago
kvokh,/kvoχ/,nm.,slave
kvokhto,/ˈkvoχto/,v.,disguise
kvolit,/ˈkvolit/,adj.,busy
kvomha,/ˈkvomha/,v.,ring
kvon,/kvon/,nf.,community
kvor,/kvoʁ/,nf.,dinner
kvoshah,/ˈkvoʃah/,nm.,field
kvotz,/kvoʦ/,nf.,book; novel
kvotzah,/ˈkvoʦah/,nf.,library
kvoy,/kvoj/,nf.,rock; stone; mountain
kvu,/kvu/,adj.,pretty
kvu'u,/ˈkvuʔu/,adj.,naked; nude
kvube,/ˈkvube/,adv.,nowadays
kvugmar,/ˈkvugmaʁ/,v.,show off
kvuk,/kvuk/,nm.,gum
kvuk,/kvuk/,pron.,his; it (masc)
kvum,/kvum/,nf.,moon
kvur,/kvuʁ/,nm.,credit (of money)
kvush,/kvuʃ/,nm.,vent
kvusike,/ˈkvusike/,v.,ache
kvuv,/kvuv/,nm.,ministry
la,/la/,prep.,with (accompanied by); with (using)
la',/laʔ/,v.,owe
la'esh,/ˈlaʔeʃ/,nf.,emotion; passion
lado,/ˈlado/,nm.,coil
laf,/laf/,nm.,money; coin
lag,/lag/,nf.,beetle
lah,/lah/,prep.,beyond
lak,/lak/,nm.,heritage
laka,/ˈlaka/,nm.,clue
lakh,/laχ/,nm.,military
lakho,/ˈlaχo/,nm.,genetics
laknad,/ˈlaknad/,adj.,difficult
lal,/lal/,adj.,awesome
lala,/ˈlala/,nf.,instrument; appliance
lalalo,/ˈlalalo/,nm.,power; force
lalaloiv,/ˈlalaˌloiv/,adj.,powerful
lam,/lam/,nm.,amount; quantity
lamnem,/ˈlamnem/,nm.,capsule; tablet
lanaf,/ˈlanaf/,adj.,elite
lao,/ˈlao/,v.,distinguish; discriminate
laona',/ˈlaonaʔ/,v.,pave
lapod,/ˈlapod/,nm.,oval
lapom,/ˈlapom/,v.,try (test out); test
lar,/laʁ/,num.,billion
lar,/laʁ/,pron.,to them (fem)
las,/las/,det.,this
las,/las/,pron.,this
lash,/laʃ/,v.,miss (not take advantage of)
lat,/lat/,nm.,time; age
latsa,/ˈlatsa/,nf.,melody; tune; chorus
latz,/laʦ/,v.,flash
latzeh,/ˈlaʦeh/,num.,trillion
lav,/lav/,adj.,common; generic; medium
lava,/ˈlava/,v.,exaggerate
lavi,/ˈlavi/,nm.,trail
lavkhe,/ˈlavχe/,adj.,vulgar
lax̂e,/ˈlaʕe/,nm.,dam
lay,/laj/,nm.,neighbor
le,/le/,nm.,father
le,/le/,pron.,you all
le',/leʔ/,v.,set
led,/led/,v.,support; reinforce; supplement
led,/led/,nf.,support
ledeg,/ˈledeg/,nm.,traffic
leg,/leg/,nm.,clash
leha,/ˈleha/,adj.,physical; tangible
leho,/ˈleho/,nf.,pest
lekh,/leχ/,nf.,energy (strength; stamina)
lekhti,/ˈleχti/,nf.,temper
lekni,/ˈlekni/,v.,help; assist; serve; cater; improve; relieve; amend
lekni,/ˈlekni/,nm.,help
lel,/lel/,nm.,mouth; beak; edge; lip
lel tzev,/lel ʦev/,nf.,lipstick
lele,/ˈlele/,nm.,drug; medicine
leleah,/ˈleleah/,nf.,drugstore
leleti,/ˈleleti/,adj.,medical
leloti,/ˈleloti/,adj.,oral
lem,/lem/,nm.,mattress
lepal,/ˈlepal/,nf.,mafia; mob
ler,/leʁ/,nf.,hat
les,/les/,nm.,parent
lesh,/leʃ/,nm.,sound; voice
lesha,/ˈleʃa/,nm.,species
leskhus,/ˈlesχus/,v.,damage; impair
leskhusuv,/ˈlesχusuv/,nf.,damage
lesot,/ˈlesot/,v.,hunt; stalk
lesotak,/ˈlesotak/,nm.,hunter
letro,/ˈletʁo/,nf.,media
letz,/leʦ/,nf.,stitch
levi,/ˈlevi/,nf.,goose
leyil,/ˈlejil/,nf.,stalemate
li,/li/,adv.,as
lid,/lid/,nm.,program
lif,/lif/,v.,graduate
lifi,/ˈlifi/,adj.,private
lig,/lig/,nm.,section; compartment; portion
lih,/lih/,nm.,wing
lihur,/ˈlihuʁ/,nf.,supervisor
lik,/lik/,nm.,garden; park; orchard; plantation
likak,/ˈlikak/,nf.,gardener
likh,/liχ/,v.,spank; smack; slap
likhti,/ˈliχti/,adj.,nice
likri,/ˈlikʁi/,nf.,law
likrik,/ˈlikʁik/,nm.,lawyer
likriti,/ˈlikʁiti/,adj.,legal
lilay,/ˈlilaj/,adj.,obese
lilu,/ˈlilu/,v.,shout; yell; scream; exclaim; proclaim; call (cry out)
lim,/lim/,nm.,king; emperor
lin,/lin/,v.,accompany
linih,/ˈlinih/,nm.,company
lir,/liʁ/,nm.,magic
lis,/lis/,nf.,army
lis ge,/lis ge/,nm.,soldier
lish,/liʃ/,v.,sweep
lisur,/ˈlisuʁ/,v.,retire
lit,/lit/,nm.,orgasm
litso,/ˈlitso/,nf.,ham
litz,/liʦ/,nm.,backpack
liu,/ˈliu/,nf.,kit
lixi,/ˈlixi/,v.,balance
lo',/loʔ/,nf.,girlfriend; mistress
loa,/ˈloa/,adv.,nowhere
lod,/lod/,adj.,gross
log,/log/,nf.,continent
loge,/ˈloge/,v.,hire; rent; recruit
lok,/lok/,v.,reflect
lokh,/loχ/,nf.,pillow
lokhne,/ˈloχne/,nm.,coffin
lokhu,/ˈloχu/,adj.,confidential
lokih,/ˈlokih/,nf.,reflection
lolmat,/ˈlolmat/,nm.,mirror
lom,/lom/,det.,both
lom'u,/ˈlomʔu/,nf.,puppet
lon,/lon/,v.,kiss
lopig,/ˈlopig/,nf.,art
lopigak,/ˈlopigak/,nm.,artist
lor,/loʁ/,nm.,kidney
lorbad,/ˈloʁbad/,nf.,mammal
losh,/loʃ/,adj.,gay; homosexual
lot,/lot/,nm.,school
lototi,/ˈlototi/,adj.,academic
lotz,/loʦ/,nm.,calendar
lotze,/ˈloʦe/,nm.,throne
lov,/lov/,v.,increase; expand; enhance; exacerbate
loxukhi,/ˈloxuχi/,nm.,stereotype
loya,/ˈloja/,nm.,biology
loyfotz,/ˈlojfoʦ/,adj.,coherent
lozdu,/ˈlozdu/,adj.,obscure
lu,/lu/,adj.,other; new
lu'om,/ˈluʔom/,nf.,dairy
lubeshme,/ˈlubeʃme/,v.,suggest; hint; imply
lubeshme,/ˈlubeʃme/,nm.,hint
lubeshmeh,/ˈlubeʃmeh/,nm.,suggestion
lud,/lud/,nm.,bay
lude,/ˈlude/,nm.,archive
ludus,/ˈludus/,nf.,lung
luf,/luf/,v.,run
lufak,/ˈlufak/,nm.,runner
luguk,/ˈluguk/,nm.,whip
luk,/luk/,v.,vary; differ
lukh,/luχ/,nm.,shade; shadow; hue
lukhekh,/ˈluχeχ/,nm.,reservoir
lum,/lum/,v.,inspire; influence; arouse
lumnafut,/ˈlumnafut/,nm.,blade
lun,/lun/,nm.,valley
lunan,/ˈlunan/,nf.,flame
lunkhre,/ˈlunχʁe/,v.,control
lunkhre,/ˈlunχʁe/,nf.,control
lur,/luʁ/,nf.,ornament; accessory; fixture
lus,/lus/,nm.,strap
lush,/luʃ/,nm.,prism
lutral,/ˈlutʁal/,nm.,object
lutz,/luʦ/,nf.,temperature
luy,/luj/,v.,fix; mend; repair; heal; cure; amend
ma,/ma/,pron.,to them (masc)
mad,/mad/,v.,enforce
maf,/maf/,nf.,constellation
mafa,/ˈmafa/,nm.,lizard
mag,/mag/,adj.,loose
mah,/mah/,adj.,local
mak,/mak/,nm.,hose; pipe; valve
makam,/ˈmakam/,v.,worship
makh,/maχ/,nf.,mistake; error; defect
mal,/mal/,adj.,green; sick
malmi,/ˈmalmi/,v.,oppress
mam,/mam/,prep.,like
mam'a,/ˈmamʔa/,v.,stamp; press
mam'ah,/ˈmamʔah/,nm.,pressure
mama,/ˈmama/,nf.,scar; crater
man,/man/,v.,fuck (slang)
mana,/ˈmana/,nf.,holiday; vacation
manasu,/ˈmanasu/,num.,hundred
mankhro,/ˈmanχʁo/,nm.,tap (faucet)
mapin,/ˈmapin/,v.,regard; deem
mapul,/ˈmapul/,nf.,diaper
mar,/maʁ/,nf.,minute
mash,/maʃ/,nm.,heart; soul
mashba,/ˈmaʃba/,v.,continue; keep (continue); last; sustain
mashbutz,/ˈmaʃbuʦ/,nf.,tie
mashmad,/ˈmaʃmad/,nf.,scout
mat,/mat/,nf.,knee
matz,/maʦ/,nm.,spell (of magic)
mavis,/ˈmavis/,v.,confirm; validate; verify
max̂en,/ˈmaʕen/,v.,watch; spectate
maxokh,/ˈmaxoχ/,v.,decorate
may,/maj/,v.,refer; attribute
me,/me/,pron.,who
me',/meʔ/,v.,involve; entail
me'i,/ˈmeʔi/,nf.,province; region
me'u,/ˈmeʔu/,nm.,recipe; formula
meal,/ˈmeal/,nf.,muscle
meav,/ˈmeav/,adj.,corrupt
mebal,/ˈmebal/,v.,tear; rip
med,/med/,det.,all
medom,/ˈmedom/,v.,confine
mef,/mef/,adj.,round
meg,/meg/,v.,insult
megi,/ˈmegi/,adj.,late
megie,/ˈmegie/,adv.,recently
megmar,/ˈmegmaʁ/,nm.,staple
meh,/meh/,nm.,research
meh,/meh/,v.,research
mek,/mek/,adj.,regular
meka,/ˈmeka/,nm.,funeral
mekhna,/ˈmeχna/,v.,share
mekno,/ˈmekno/,nf.,letter (written document)
meknos,/ˈmeknos/,v.,cruise
mekrotz,/ˈmekʁoʦ/,v.,peek
melar,/ˈmelaʁ/,nm.,spice
mem,/mem/,pron.,theirs (masc)
mem'iyakh,/ˈmemʔijaχ/,nm.,information
memko,/ˈmemko/,v.,cough
men,/men/,nf.,band (musical group)
mera,/ˈmeʁa/,nm.,secret; mystery
mes,/mes/,adj.,wise
mesh,/meʃ/,adv.,yet
meshpa,/ˈmeʃpa/,nm.,wrinkle; crease; kink (sharp twist)
met,/met/,v.,terminate
metamet,/ˈmetamet/,nf.,taxi; cab
metz,/meʦ/,nf.,button (pushbutton)
mev,/mev/,nm.,trade
meva,/ˈmeva/,v.,modify
mevkhim,/ˈmevχim/,v.,mimic; mock
mi,/mi/,num.,six
mi',/miʔ/,v.,rule; reign; command
mi',/miʔ/,nm.,rule (law; regulation)
mi'ak,/ˈmiʔak/,nm.,ruler
mi'atz,/ˈmiʔaʦ/,adj.,basic
mid,/mid/,det.,more
mie,/ˈmie/,nf.,butter
mif,/mif/,nm.,hay
mifas,/ˈmifas/,nf.,ambassador
mifsho,/ˈmifʃo/,nm.,edge; limit
mig,/mig/,adj.,pretty
mih,/mih/,v.,assemble
mihila,/ˈmihila/,nm.,present; gift
mikh,/miχ/,v.,bless
mikha,/ˈmiχa/,nf.,diner
mikru,/ˈmikʁu/,nm.,guest
mim,/mim/,v.,use; utilize; operate; manipulate; employ; exert; exploit; direct; conduct; enlist; recruit
mim,/mim/,nm.,use
mimak,/ˈmimak/,nm.,employer
mimhe,/ˈmimhe/,adj.,imminent; pending
mimhi,/ˈmimhi/,nm.,clown
mimhu',/ˈmimhuʔ/,nf.,second (time); moment
mimko,/ˈmimko/,nm.,liberty
mimnela,/ˈmimnela/,v.,permit; enable; approve; endorse
mimno,/ˈmimno/,nm.,veteran
mimru,/ˈmimʁu/,nm.,property
min,/min/,nm.,devil
mina,/ˈmina/,nm.,office
mir,/miʁ/,adv.,off
mire,/ˈmiʁe/,v.,join; marry
mirev,/ˈmiʁev/,nf.,joint
mirim,/ˈmiʁim/,nf.,disaster; catastrophe
miron,/ˈmiʁon/,adj.,manual
mish,/miʃ/,adj.,cold; crisp
mishba,/ˈmiʃba/,nf.,brush; brush (for hair)
mishlil,/ˈmiʃlil/,nm.,update
mishpi,/ˈmiʃpi/,nf.,spa (mineral spring)
mishuzde,/ˈmiʃuzde/,nf.,rice; grain; cereal
mit,/mit/,nf.,filter
mitse,/ˈmitse/,v.,freeze
mitsev,/ˈmitsev/,nf.,frost
mitz,/miʦ/,nf.,fiction
miv,/miv/,prep.,according to
miy,/mij/,prep.,without
miyla,/ˈmijla/,nm.,grandfather
mizda,/ˈmizda/,nf.,loss
mizdaash,/ˈmizdaaʃ/,v.,lose
mo,/mo/,nf.,eye
mo,/mo/,det.,your (pl)
mo botz,/mo boʦ/,nf.,eyelid
mo dish,/mo diʃ/,nm.,glasses
mo oyetsi,/mo ˈojetsi/,nm.,eyeball
mo pa',/mo paʔ/,nm.,eyelash
mo',/moʔ/,v.,suffocate
mod,/mod/,nm.,breakfast
mof,/mof/,v.,drape
mokh,/moχ/,v.,wrestle
mokha,/ˈmoχa/,adj.,static
mokhne,/ˈmoχne/,v.,invade
mokhte,/ˈmoχte/,v.,serve; provide
mokhteh,/ˈmoχteh/,nm.,service
mokhus,/ˈmoχus/,v.,split; divide
moknil,/ˈmoknil/,conj.,although; though
mol,/mol/,nm.,virgin
mole,/ˈmole/,conj.,because
molme,/ˈmolme/,nm.,wound; scar
mon,/mon/,adj.,crazy; insane
mone,/ˈmone/,adj.,similar
moni,/ˈmoni/,nf.,wardrobe
mor,/moʁ/,nm.,staff; crew
moru,/ˈmoʁu/,nf.,sea; ocean
moru mifsho,/ˈmoʁu ˈmifʃo/,nf.,shore
moseshpof,/ˈmoseʃpof/,nm.,bulb (plant root)
mosh,/moʃ/,nf.,country (rural area)
moshmo,/ˈmoʃmo/,adj.,blank; plain
moskhud,/ˈmosχud/,v.,accuse
motz,/moʦ/,nm.,squirrel
mov,/mov/,nm.,button (fastener for clothing)
mox̂a,/ˈmoʕa/,nm.,space (beyond Earth)
moy,/moj/,v.,try (strive); struggle
mozel,/ˈmozel/,nf.,trailer
mu,/mu/,adv.,down
mu,/mu/,pron.,to me
mu,/mu/,det.,his
mu,/mu/,prep.,down
mu',/muʔ/,adv.,always; all the time
mua,/ˈmua/,v.,drift
mud,/mud/,adj.,proud
muda,/ˈmuda/,nm.,demographic
mudin,/ˈmudin/,nm.,pride
muf,/muf/,nm.,pandemic
mug,/mug/,nm.,evening
muh,/muh/,v.,feel (examine by touch)
muhaylo,/ˈmuhajlo/,nf.,architecture
muir,/ˈmuir/,nm.,city
muiriv,/ˈmuiriv/,adj.,urban
muk,/muk/,adj.,former
mukh,/muχ/,nm.,wood; pole; stick
mukhani,/ˈmuχani/,v.,duck; crouch
mukna,/ˈmukna/,nm.,suitcase; baggage; equipment
mula',/ˈmulaʔ/,adj.,fancy
mulmo,/ˈmulmo/,nf.,fraud; hoax
mulu,/ˈmulu/,v.,export
mum,/mum/,prep.,above
muma,/ˈmuma/,nm.,bead
mumtziv,/ˈmumʦiv/,nm.,west
mun,/mun/,nf.,thing; stuff; object
muoy,/ˈmuoj/,v.,see; understand; realize; grasp; perceive; foresee; date; go out; embrace
mur,/muʁ/,v.,prepare; train
murih,/ˈmuʁih/,nf.,preparation
muruyu,/ˈmuʁuju/,nm.,apron
mus,/mus/,nm.,kitchen
mush,/muʃ/,v.,replace; substitute
mut,/mut/,nf.,canopy
muti,/ˈmuti/,v.,ride
mutz,/muʦ/,v.,lay; fuck (slang)
mutzes,/ˈmuʦes/,v.,clap; cheer
muv,/muv/,v.,protest; resist; prevent; complain
muvakh,/ˈmuvaχ/,nm.,nurse
muy,/muj/,prep.,around
muy,/muj/,pron.,you
muyaf,/ˈmujaf/,nf.,castle
muyli,/ˈmujli/,nf.,marathon
muzde,/ˈmuzde/,nm.,expert; specialist
muzom,/ˈmuzom/,nm.,vehicle
na,/na/,nf.,area
nabad,/ˈnabad/,v.,quote
nafshaf,/ˈnafʃaf/,nm.,party
nag,/nag/,nm.,canvas
nah,/nah/,adv.,soon; now
nakh,/naχ/,v.,float; sail
nal,/nal/,v.,worry
namhem,/ˈnamhem/,nm.,arena; stadium
namnih,/ˈnamnih/,v.,matter
namo,/ˈnamo/,nf.,engine; motor
namrakh,/ˈnamʁaχ/,nf.,hair (of head); hair (of body)
namuknak,/ˈnamuknak/,prep.,through
nan,/nan/,nm.,winter
nar,/naʁ/,adj.,weird; strange; bizarre; peculiar
nash,/naʃ/,v.,pray; beg
nashtu,/ˈnaʃtu/,v.,peel
natsa,/ˈnatsa/,nf.,volume; capacity
natz,/naʦ/,nm.,picnic
nay,/naj/,v.,summon
ne,/ne/,adj.,right; correct
ned,/ned/,v.,dispose
neg,/neg/,adj.,random
nek,/nek/,nf.,gate
nekh,/neχ/,nf.,palace
nekhte,/ˈneχte/,nf.,scene; stage
nel,/nel/,adj.,humble; modest
nelu,/ˈnelu/,adj.,fluent
nem,/nem/,nf.,agriculture
nes,/nes/,v.,invent
nesho,/ˈneʃo/,nm.,dash
nesil,/ˈnesil/,nm.,rival
netur,/ˈnetuʁ/,nm.,grill; barbecue
neylaf,/ˈnejlaf/,v.,supervise
ni,/ni/,nm.,problem
ni',/niʔ/,nm.,salad
ni'av,/ˈniʔav/,nm.,embassy
nid,/nid/,nm.,complex
nif,/nif/,nm.,mood; attitude
nig,/nig/,v.,nag; bother
nigu,/ˈnigu/,nm.,alibi
nih,/nih/,nm.,prejudice; bias
nikh,/niχ/,nm.,interest (curiosity; concern)
nil,/nil/,nm.,rubber
nim,/nim/,nm.,coast
nimnef,/ˈnimnef/,v.,fill
nin,/nin/,v.,persuade; seduce
nish,/niʃ/,nf.,thesis
nit,/nit/,v.,expel
niv,/niv/,nf.,aunt
nix̂u,/ˈniʕu/,nm.,desk
no,/no/,nf.,career
no',/noʔ/,prep.,alongside; as well as
no'ikh,/ˈnoʔiχ/,adj.,usual
no'ikhe,/ˈnoʔiχe/,adv.,usually
nod,/nod/,v.,bark
nod,/nod/,pron.,we
nodi,/ˈnodi/,nm.,sanctuary
nof,/nof/,nm.,seaweed
noh,/noh/,v.,lie
noh,/noh/,nf.,lie
nohak,/ˈnohak/,nm.,liar
nok,/nok/,v.,miss (not hit)
nokre,/ˈnokʁe/,nm.,nature; environment (natural world)
nokreti,/ˈnokʁeti/,adj.,natural
noku,/ˈnoku/,adj.,cute
nol,/nol/,adj.,bankrupt; broke
nomem,/ˈnomem/,nf.,clay; brick
non,/non/,nf.,room (of house)
nor,/noʁ/,adj.,straight
norba,/ˈnoʁba/,v.,rattle
notz,/noʦ/,v.,nominate
notzu,/ˈnoʦu/,nm.,suit; costume; garment; dress; uniform
noy,/noj/,pron.,to me
nu,/nu/,v.,play (have fun); compete
nua,/ˈnua/,nf.,mound
nubori,/ˈnuboʁi/,v.,notice
nufa,/ˈnufa/,v.,recommend; advise; endorse
nug,/nug/,nf.,prey
nuhi,/ˈnuhi/,v.,consult
nuk,/nuk/,nm.,player
nukhel,/ˈnuχel/,nm.,skirt
nul,/nul/,nm.,body
num,/num/,nm.,whisker
nun,/nun/,nm.,oxygen
nur,/nuʁ/,nf.,chain
nurboy,/ˈnuʁboj/,nm.,stomach; gut
nus,/nus/,nm.,herd; flock
nut,/nut/,nm.,elk
nuzda,/ˈnuzda/,v.,tumble
o,/o/,adv.,when
o',/oʔ/,v.,convict
obe,/ˈobe/,nf.,thief
of,/of/,adj.,black; dark; blue
ofin,/ˈofin/,nm.,darkness
ofo,/ˈofo/,nm.,embryo
ofshusu,/ˈofʃusu/,nm.,fluke
og,/og/,adj.,foreign
ogak,/ˈogak/,nf.,foreigner
oh,/oh/,nf.,privilege; patent
ohu,/ˈohu/,nm.,center; nucleus
ohuiv,/ˈohuiv/,adj.,central
ok,/ok/,nf.,cabin; inn; lodge
okh,/oχ/,pron.,one
okha,/ˈoχa/,nf.,urine
okhun,/ˈoχun/,v.,warn; alert
ol,/ol/,v.,contaminate
olmagmi,/ˈolmagmi/,v.,brace
olmi,/ˈolmi/,adj.,violent
olmiin,/ˈolmiin/,nf.,violence
olmipim,/ˈolmipim/,pron.,someone; somebody
om'av,/ˈomʔav/,nm.,haven
omki,/ˈomki/,v.,vomit
omtzi,/ˈomʦi/,v.,remind
on,/on/,nf.,soil; dust
onan,/ˈonan/,nm.,stand
opamrog,/ˈopamʁog/,nf.,cane
or,/oʁ/,v.,cover up
orbekhaf,/ˈoʁbeχaf/,nm.,ass
os,/os/,adj.,fresh; raw
osh,/oʃ/,adj.,different; other; distinct; various
oshin,/ˈoʃin/,nm.,difference
oshle,/ˈoʃle/,v.,audit; probe
oshli,/ˈoʃli/,nm.,peak
oshme,/ˈoʃme/,nm.,train
oshpayo,/ˈoʃpajo/,v.,struggle
ot,/ot/,nf.,breast; chest
otiv,/ˈotiv/,adj.,buxom
otzu,/ˈoʦu/,det.,such
ov,/ov/,nf.,graph
ox̂oku,/ˈoʕoku/,nf.,span
oy,/oj/,nm.,virus; germ
oya,/ˈoja/,v.,march
oyetsi,/ˈojetsi/,nm.,ball; circle; sphere
ozdo,/ˈozdo/,v.,pardon
pa,/pa/,v.,choose; select; elect
pa,/pa/,pron.,her; it (fem)
pa',/paʔ/,nm.,hair (of body); fur
pag,/pag/,nf.,sponge
pah,/pah/,nm.,wheel
pah,/pah/,nm.,choice
pakhe,/ˈpaχe/,nm.,habit; custom; ritual; bias
pakhni,/ˈpaχni/,adj.,current
pakhnu,/ˈpaχnu/,v.,trip
pal,/pal/,nm.,liver
pame,/ˈpame/,v.,lift; boost; promote
pan,/pan/,v.,cost
pan,/pan/,nm.,cost
paniv,/ˈpaniv/,adj.,expensive
par,/paʁ/,pron.,to you
pas,/pas/,nm.,fur
pat,/pat/,prep.,between; among
pata,/ˈpata/,v.,need (require); need (lack)
pata,/ˈpata/,nm.,need
patz,/paʦ/,v.,prevent; avert
pavun,/ˈpavun/,v.,suck
payi,/ˈpaji/,adj.,real; authentic
pazor,/ˈpazoʁ/,nf.,painting
pe,/pe/,adj.,same
pe',/peʔ/,nm.,baby
pefe,/ˈpefe/,nf.,descendant; heir
peh,/peh/,adj.,extinct
pekhni,/ˈpeχni/,nm.,mule
pel,/pel/,nm.,speed
pem,/pem/,det.,my
pen,/pen/,v.,check; confirm
per,/peʁ/,nm.,music
pesha'or,/ˈpeʃaʔoʁ/,v.,change
pesha'orih,/ˈpeʃaˌʔoʁih/,nm.,change
peshmu,/ˈpeʃmu/,adj.,accurate; exact; precise; specific; particular; valid
pet,/pet/,nf.,bathroom
pev,/pev/,v.,applaud; cheer; hail
peyo,/ˈpejo/,adj.,deaf
peyov,/ˈpejov/,nm.,crime
peyov hayfimih,/ˈpejov ˈhajfimih/,nm.,felony
peyovak,/ˈpejovak/,nf.,criminal
pi,/pi/,adv.,here
pid,/pid/,adv.,where
pifo,/ˈpifo/,v.,impress
pik,/pik/,nf.,oath
pim,/pim/,nm.,pencil
pim'i,/ˈpimʔi/,nm.,flesh
pimtze,/ˈpimʦe/,adj.,ancient
pir,/piʁ/,nm.,bottle; jar
pis,/pis/,adj.,casual
pish,/piʃ/,nm.,habitat
pisha,/ˈpiʃa/,nm.,caterpillar
pishbo,/ˈpiʃbo/,adj.,pure; wholesome; moral
pit,/pit/,nm.,blood
pitash,/ˈpitaʃ/,v.,bleed
pitiv,/ˈpitiv/,adj.,bloody
pitrito,/ˈpitʁito/,nf.,luggage; baggage
piv,/piv/,nf.,footpath; sidewalk
pix̂um,/ˈpiʕum/,v.,squeeze; clutch
pixuyi,/ˈpixuji/,v.,satisfy; convince
piy,/pij/,nm.,bubble; foam
pizdi,/ˈpizdi/,nf.,therapy; remedy
pizo,/ˈpizo/,nm.,colony
po,/po/,nm.,child (young human being)
po'o,/ˈpoʔo/,nm.,tag
pod,/pod/,nf.,cart
pofeshla,/ˈpofeʃla/,nf.,badge
pofshesh,/ˈpofʃeʃ/,adj.,thin (slender); slim
poger,/ˈpogeʁ/,nf.,snack
pokh,/poχ/,v.,throw; toss; hurl; fling; cast
poli,/ˈpoli/,nf.,stem
polii,/ˈpolii/,nf.,trunk (of tree)
pon,/pon/,nf.,fetus; embryo
por,/poʁ/,nf.,tin
posh,/poʃ/,nf.,offer
poshpa,/ˈpoʃpa/,nf.,light; candle
potsikha,/ˈpotsiχa/,nf.,transport
potz,/poʦ/,conj.,whether
pox̂uh,/ˈpoʕuh/,adj.,practical; pragmatic
pu,/pu/,adv.,so; therefore; thus
pu',/puʔ/,v.,populate
pu'uv,/ˈpuʔuv/,nm.,population
puh,/puh/,nf.,dew
puk,/puk/,nm.,shrub; bush
pukh,/puχ/,nm.,tenant
pum,/pum/,nm.,leaf; sheet
pun,/pun/,nf.,draft
pupe,/ˈpupe/,nf.,militia
puru,/ˈpuʁu/,nm.,path; track; avenue; road; direction (way)
puy,/puj/,nm.,summary
ra,/ʁa/,num.,eight
ra,/ʁa/,pron.,to her; to it (fem)
ra',/ʁaʔ/,nf.,wax
ra'e,/ˈʁaʔe/,v.,pick
rad,/ʁad/,nm.,drill
radu,/ˈʁadu/,v.,cross
raf,/ʁaf/,adj.,reverse
rafih,/ˈʁafih/,nm.,reversal
raha,/ˈʁaha/,adj.,social
rai,/ˈʁai/,nm.,police
rakh,/ʁaχ/,nm.,trouble
rakho,/ˈʁaχo/,nm.,oyster
rala,/ˈʁala/,v.,reproduce
ram,/ʁam/,adj.,sweet; delicious
ram yimro,/ʁam ˈjimʁo/,nf.,sugar
ram'egmu,/ˈʁamʔegmu/,adv.,ever
rarol,/ˈʁaʁol/,v.,clip; snip; trim
ras,/ʁas/,num.,nine
rash,/ʁaʃ/,nm.,vein
rashmo,/ˈʁaʃmo/,nm.,erection
rashpe,/ˈʁaʃpe/,nm.,herb
raskhekh,/ˈʁasχeχ/,v.,close; shut; expire
rat,/ʁat/,nm.,spine
rati,/ˈʁati/,adj.,small; little; miniature
ratsam,/ˈʁatsam/,adj.,dull; dim
ratz,/ʁaʦ/,nm.,morning
ratzi,/ˈʁaʦi/,nm.,armpit
rav,/ʁav/,nm.,eel
rave,/ˈʁave/,nf.,station (railroad; bus)
ravkhu,/ˈʁavχu/,nm.,rifle
re,/ʁe/,v.,put (place); put on
rea,/ˈʁea/,nm.,cove
red,/ʁed/,prep.,outside
redokid,/ˈʁedokid/,v.,uncover
ref,/ʁef/,adj.,awake
rega,/ˈʁega/,nf.,nursery
rek,/ʁek/,det.,that
rek,/ʁek/,pron.,that
rekh,/ʁeχ/,adj.,custom
reki,/ˈʁeki/,nm.,crest
rel,/ʁel/,nf.,bill; check
remku,/ˈʁemku/,nf.,future
remra,/ˈʁemʁa/,nm.,fabric; textile
ren,/ʁen/,adv.,nevertheless; regardless; even though
rerbih,/ˈʁeʁbih/,nm.,hand; wrist; palm (of hand); ankle
res,/ʁes/,v.,go down; descend
ret,/ʁet/,v.,erase
revkhulo,/ˈʁevχulo/,nf.,rod; shaft; bar; cylinder; pole
revon,/ˈʁevon/,nm.,advice
ri,/ʁi/,adv.,only; merely; hardly
rid,/ʁid/,v.,forget
rifo,/ˈʁifo/,nm.,packet
rifshe,/ˈʁifʃe/,nm.,log; stick
rihakh,/ˈʁihaχ/,v.,scrub; rub; massage; spread
rik,/ʁik/,nm.,item
rikh,/ʁiχ/,nm.,strawberry
rim,/ʁim/,nm.,wind; breeze
rir,/ʁiʁ/,v.,recognize
ririh,/ˈʁiʁih/,nm.,recognition
ris,/ʁis/,v.,brag
rish,/ʁiʃ/,v.,bow (greet)
risheh,/ˈʁiʃeh/,nm.,fruit
ritsa,/ˈʁitsa/,v.,withstand
ritz,/ʁiʦ/,nm.,berry
riveg,/ˈʁiveg/,nm.,arm
rix̂of,/ˈʁiʕof/,nm.,bow (decorative material)
rizduvu,/ˈʁizduvu/,nm.,vanilla
ro,/ʁo/,num.,third
ro',/ʁoʔ/,nf.,challenge
roda,/ˈʁoda/,nf.,eagle
rof,/ʁof/,v.,post
rofe,/ˈʁofe/,nm.,star; celebrity
rofe kih,/ˈʁofe kih/,nf.,planet
rofe zmayum,/ˈʁofe ˈzmajum/,nf.,astronomy
rog,/ʁog/,nf.,midriff
roh,/ʁoh/,nm.,knight
rokhtu,/ˈʁoχtu/,v.,claim; allege; accuse
rokro,/ˈʁokʁo/,nm.,sling
rol,/ʁol/,adj.,thick; fat; broad
rol,/ʁol/,nf.,fat (bodily substance)
rolmo,/ˈʁolmo/,det.,several
rolu,/ˈʁolu/,v.,smile; smirk
rom,/ʁom/,adj.,general
romtzu,/ˈʁomʦu/,nf.,north
ror,/ʁoʁ/,nf.,cup; mug
rora,/ˈʁoʁa/,v.,gather; huddle
rot,/ʁot/,nm.,bud
rotz,/ʁoʦ/,conj.,while
rov,/ʁov/,v.,be (age)
roy,/ʁoj/,nm.,budget
rozam,/ˈʁozam/,adv.,today
rud,/ʁud/,nm.,match (game); contest
ruf,/ʁuf/,nm.,period (duration of time); season (quarter of the year)
rug,/ʁug/,adj.,arrogant
rugif,/ˈʁugif/,nm.,unit
ruhe,/ˈʁuhe/,adj.,native
ruk,/ʁuk/,conj.,until
ruka'ir,/ˈʁukaʔiʁ/,nf.,fish
rukesh,/ˈʁukeʃ/,nm.,percent
rukh,/ʁuχ/,v.,squint; blink
rukhta,/ˈʁuχta/,v.,launch; cast; hurl
rul,/ʁul/,nf.,sheep
rum,/ʁum/,v.,compare
rumtzu,/ˈʁumʦu/,nf.,genocide
run,/ʁun/,v.,mumble
rush,/ʁuʃ/,v.,fry; simmer
rushbo,/ˈʁuʃbo/,nf.,anxiety
rushboiv,/ˈʁuʃboiv/,adj.,anxious
rushmo,/ˈʁuʃmo/,nm.,floor; bottom (lowest part)
ruso,/ˈʁuso/,nm.,bath
rut,/ʁut/,adj.,false
ruton,/ˈʁuton/,v.,pay; spend
ruv,/ʁuv/,nf.,tornado
sa,/sa/,v.,know (a fact); know (be acquainted with)
sad,/sad/,nm.,bullet
sada,/ˈsada/,v.,govern
sadah,/ˈsadah/,nm.,government
sag,/sag/,v.,sell
sag,/sag/,nm.,sale
sagak,/ˈsagak/,nf.,vendor
sah,/sah/,nm.,parlor; salon
sahu,/ˈsahu/,nf.,economy
sahuti,/ˈsahuti/,adj.,economic
sak,/sak/,v.,burn; cook (heat food); ignite; light; simmer
sakak,/ˈsakak/,nm.,chef; cook
sakh,/saχ/,adj.,free
sal,/sal/,v.,report; notify; inform
sal,/sal/,nm.,report
sam,/sam/,nm.,fog; mist
samha,/ˈsamha/,adv.,yesterday
san,/san/,nm.,wealth
sanatz,/ˈsanaʦ/,v.,innovate
sar,/saʁ/,nf.,snake
sash,/saʃ/,nf.,data
sashme',/ˈsaʃmeʔ/,nm.,camera
sashpa,/ˈsaʃpa/,nf.,allergy
sashti,/ˈsaʃti/,v.,charge
saskha,/ˈsasχa/,v.,direct; conduct
sat,/sat/,nf.,letter (of an alphabet)
sav,/sav/,nf.,knowledge
sava,/ˈsava/,nm.,premiere
savamhu,/ˈsavamhu/,v.,set up
saveri,/ˈsaveʁi/,nm.,chance; odds; luck
saveriiv,/ˈsaveˌʁiiv/,adj.,lucky
sayi,/ˈsaji/,v.,arrange
sayox̂i,/ˈsajoʕi/,v.,swim
se,/se/,adj.,great (excellent); awesome
se,/se/,pron.,to his; to it (masc)
sed,/sed/,adj.,clear
sede,/ˈsede/,adv.,clearly
sefshash,/ˈsefʃaʃ/,nf.,label; logo
sekh,/seχ/,v.,prosecute
sekhtar,/ˈseχtaʁ/,v.,fit
sel,/sel/,nm.,vision
sem,/sem/,nm.,top (clothing)
semhe,/ˈsemhe/,v.,crumble; dissolve
semhel,/ˈsemhel/,nf.,stall; kiosk
sepufol,/ˈsepufol/,v.,indulge
ses,/ses/,nm.,film
seskhega,/ˈsesχega/,v.,identify; point out
set,/set/,adj.,popular
setz,/seʦ/,v.,expect; rely on; anticipate
sev,/sev/,nm.,boyfriend
sey,/sej/,v.,dare; tempt
seyfu',/ˈsejfuʔ/,nf.,trunk (large box)
sha,/ʃa/,nm.,friend
sha',/ʃaʔ/,adj.,strong; tough; solid; robust; severe
sha'in,/ˈʃaʔin/,nf.,strength
shaba,/ˈʃaba/,v.,depend; rely on
shabosh,/ˈʃaboʃ/,v.,ban; prohibit; veto
shad,/ʃad/,v.,interfere
shada',/ˈʃadaʔ/,nm.,guerrilla
shade',/ˈʃadeʔ/,nm.,prose
shadin,/ˈʃadin/,nm.,dome
shaf,/ʃaf/,nm.,broom
shag,/ʃag/,nf.,century
shah,/ʃah/,adj.,sensible
shaiv,/ˈʃaiv/,adj.,friendly
shak,/ʃak/,nm.,recession
shakh,/ʃaχ/,v.,save; rescue; recover; liberate
shakha,/ˈʃaχa/,nm.,lock
shakhak,/ˈʃaχak/,nm.,locksmith
shala,/ˈʃala/,nf.,rose
sham,/ʃam/,nm.,lens
sham,/ʃam/,pron.,to us
shamtzod,/ˈʃamʦod/,nm.,brothel
shan,/ʃan/,v.,tie
shankhri,/ˈʃanχʁi/,nf.,system
shar,/ʃaʁ/,num.,seven
shas,/ʃas/,v.,masturbate
shashbe,/ˈʃaʃbe/,v.,cry
shashbel,/ˈʃaʃbel/,adj.,clean; neat; clear
shashbel,/ˈʃaʃbel/,v.,clean
shashmi,/ˈʃaʃmi/,nm.,seed; semen
shat,/ʃat/,nf.,back (of body); back (reverse side)
shatz,/ʃaʦ/,nm.,surge
shau,/ˈʃau/,adj.,ironic
shauin,/ˈʃauin/,nm.,irony
shav,/ʃav/,nf.,flake
she,/ʃe/,v.,be (exist); be (permanent state)
she,/ʃe/,pron.,ours
she',/ʃeʔ/,adj.,blunt
shebi,/ˈʃebi/,nm.,rubble; debris; remains; remnant
sheboxe,/ˈʃeboxe/,nm.,courier
shed,/ʃed/,v.,torture
shefa,/ˈʃefa/,v.,fetch; earn
sheg,/ʃeg/,v.,sort
sheh,/ʃeh/,adj.,triple
shek,/ʃek/,nf.,job; task
shekom,/ˈʃekom/,v.,stroke
shekra,/ˈʃekʁa/,nm.,chalk
shel,/ʃel/,nm.,hedge; shrub
shele,/ˈʃele/,v.,escape; flee; dodge; retreat
shem,/ʃem/,v.,mean (intend)
shemko,/ˈʃemko/,adj.,nervous
shemro',/ˈʃemʁoʔ/,nf.,origin; root
shemush,/ˈʃemuʃ/,adj.,gorgeous
shen,/ʃen/,adj.,hot (attractive)
shera,/ˈʃeʁa/,nm.,shield
sherav,/ˈʃeʁav/,adj.,awful; terrible
sherbe,/ˈʃeʁbe/,v.,improve; refine
shere,/ˈʃeʁe/,nm.,chemical
shesh,/ʃeʃ/,nf.,lava
sheshpeh,/ˈʃeʃpeh/,v.,obey
shetso,/ˈʃetso/,v.,complain
shetz,/ʃeʦ/,nm.,event (occurrence); incident
shevaha,/ˈʃevaha/,nf.,priority
shevat,/ˈʃevat/,v.,light
shevativ,/ˈʃevativ/,adj.,bright
shex̂a,/ˈʃeʕa/,nm.,wedding
shex̂u,/ˈʃeʕu/,v.,prick
shey,/ʃej/,v.,spread
shi,/ʃi/,prep.,by (agent performing an action); by (author or creator)
shi',/ʃiʔ/,nf.,tiger
shid,/ʃid/,adj.,fair; just; moral; noble
shif,/ʃif/,adj.,sophisticated; intricate
shifa,/ˈʃifa/,v.,measure
shig,/ʃig/,v.,row
shigoli',/ˈʃigoliʔ/,prep.,into
shik,/ʃik/,nm.,gas
shikh,/ʃiχ/,v.,register; book
shil,/ʃil/,nf.,opinion
shilo,/ˈʃilo/,nm.,hook
shilol,/ˈʃilol/,nm.,shovel
shim,/ʃim/,nm.,screw
shim'el,/ˈʃimʔel/,nm.,clinic; hospital
shimre,/ˈʃimʁe/,v.,add; inject; implant; embed
shimrok,/ˈʃimʁok/,v.,hug
shin,/ʃin/,nm.,flavor
shir,/ʃiʁ/,adj.,sorry
shishbir,/ˈʃiʃbiʁ/,nm.,belly
shishted,/ˈʃiʃted/,v.,assign; elect
shishtedih,/ˈʃiʃtedih/,nm.,election
shit,/ʃit/,v.,groan; moan
shitsa,/ˈʃitsa/,v.,vow; swear
shiv,/ʃiv/,v.,adapt
shivkhad,/ˈʃivχad/,nm.,lobby
shixeg,/ˈʃixeg/,nm.,plan; strategy (plan); tactic; program
shixeg,/ˈʃixeg/,v.,plan
shiy,/ʃij/,adj.,minor; mere
sho,/ʃo/,v.,come; go; reach; enter; invade
sho',/ʃoʔ/,nf.,plaque
shod,/ʃod/,v.,bow
shodo,/ˈʃodo/,adj.,compact
shodozde,/ˈʃodozde/,adj.,extreme; intense; radical
shof,/ʃof/,nm.,clan; kin
shog,/ʃog/,nf.,wagon; carriage
shogan,/ˈʃogan/,v.,devise; come up with
shoh,/ʃoh/,nm.,entrance
shoim,/ˈʃoim/,adj.,spare
shok,/ʃok/,adj.,mean; vicious; wild
shokh,/ʃoχ/,v.,rise; climb; lift; escalate; increase
shom,/ʃom/,v.,pour; spill; drain; flow
shomtzo'i,/ˈʃomʦoʔi/,v.,ridicule; humiliate
shon,/ʃon/,nf.,series
shosh,/ʃoʃ/,v.,realize
shoshi,/ˈʃoʃi/,v.,bend
shotz,/ʃoʦ/,nm.,finger; toe; claw
shotz kosh,/ʃoʦ koʃ/,nf.,fingerprint
shovin,/ˈʃovin/,adv.,somewhat; fairly; pretty; quite; rather
shovkhat,/ˈʃovχat/,v.,contrast
shoy,/ʃoj/,v.,respond; answer; reply
shoy,/ʃoj/,nm.,answer
shoyih,/ˈʃojih/,nf.,response
shu,/ʃu/,adj.,old; former; mature; sophisticated; ripe
shu,/ʃu/,pron.,to us
shu mun,/ʃu mun/,nm.,junk
shu',/ʃuʔ/,nf.,car
shu'i,/ˈʃuʔi/,nm.,politics
shu'ik,/ˈʃuʔik/,nm.,politician
shu'iti,/ˈʃuʔiti/,adj.,political
shud,/ʃud/,adj.,selfish
shuh,/ʃuh/,nm.,array; spectrum
shuk,/ʃuk/,v.,get; obtain; take; capture; grab; carry; catch; attract; book; charm; gain; reap; acquire; arrest; clutch; grip; absorb; plow; seduce; tempt; intercept
shukha,/ˈʃuχa/,v.,retrieve; bring back; fetch; recover
shukra',/ˈʃukʁaʔ/,nm.,fantasy
shul,/ʃul/,v.,chop; slash
shula,/ˈʃula/,nm.,ramp
shuli,/ˈʃuli/,adj.,lethal; fatal
shum,/ʃum/,v.,calculate
shum'ata,/ˈʃumʔata/,nf.,gravel
shur,/ʃuʁ/,adj.,aesthetic
shush,/ʃuʃ/,nm.,mouse
shutashti,/ˈʃutaʃti/,v.,devote
shuti,/ˈʃuti/,nm.,wildlife
shuzdu,/ˈʃuzdu/,nf.,sister
si,/si/,v.,let; allow (let); approve; tolerate
si'ix̂e,/ˈsiʔiʕe/,nm.,sand
sibo,/ˈsibo/,v.,afford
sid,/sid/,nm.,pocket
sif,/sif/,v.,sit
sih,/sih/,nm.,athlete
sih,/sih/,nm.,permission
sihodik,/ˈsihodik/,v.,reserve
sihodikih,/ˈsihoˌdikih/,nf.,reservation
sikh,/siχ/,v.,lick
sikhnu',/ˈsiχnuʔ/,adj.,scarce
sikhtavo,/ˈsiχtavo/,nm.,hull
sikhte,/ˈsiχte/,adv.,actually
sil,/sil/,nf.,scrap
silu,/ˈsilu/,adj.,white; blank; clear; transparent
silum,/ˈsilum/,adj.,favorite
sim,/sim/,num.,one
sim'oma,/ˈsimʔoma/,nm.,neck
simam,/ˈsimam/,pron.,nothing
simizi,/ˈsimizi/,nm.,pistol
simke,/ˈsimke/,nf.,rag
simo,/ˈsimo/,v.,shine; glow; radiate; blush
simoe,/ˈsimoe/,adj.,shiny
sin,/sin/,v.,upset; bother
sir,/siʁ/,prep.,of
siror,/ˈsiʁoʁ/,nm.,petal
sisamro,/ˈsisamʁo/,nm.,galaxy
sisha,/ˈsiʃa/,adj.,petty
sishmo,/ˈsiʃmo/,v.,alert
sit,/sit/,nf.,decade
sito,/ˈsito/,v.,buy; purchase; shop
siv,/siv/,nm.,hag (old woman)
sivarbi,/ˈsivaʁbi/,nf.,plateau
siy,/sij/,nm.,bag
siyfe,/ˈsijfe/,v.,desire
siyitz,/ˈsijiʦ/,nm.,door
so,/so/,v.,find; discover; encounter
so',/soʔ/,v.,win
so'ih,/ˈsoʔih/,nm.,victory
sof,/sof/,num.,million
sog,/sog/,v.,patrol
sogash,/ˈsogaʃ/,nm.,candy; vagina (slang)
soh,/soh/,v.,touch; feel (sense by touch)
soh,/soh/,nf.,discovery
sokham,/ˈsoχam/,nm.,slogan
sol,/sol/,nm.,cliff
som,/som/,nm.,spot
som'a,/ˈsomʔa/,nm.,country (nation)
somem,/ˈsomem/,nf.,mission
son,/son/,adj.,premier
soni,/ˈsoni/,nm.,note
soni kvotz,/ˈsoni kvoʦ/,nf.,notebook
sor,/soʁ/,nm.,usher
sosh,/soʃ/,v.,deteriorate; erode
sotz,/soʦ/,v.,restrain
sov,/sov/,adj.,fun
sovin,/ˈsovin/,nm.,fun
soy,/soj/,nm.,lesson; lecture
soya,/ˈsoja/,adj.,exact; precise; definite
soya',/ˈsojaʔ/,v.,explode; blow up
soyae,/ˈsojae/,adv.,exactly
soza,/ˈsoza/,v.,mix; combine
sta',/staʔ/,nf.,column
staf,/staf/,nm.,basil
stai,/ˈstai/,adj.,best
stak,/stak/,v.,cooperate; collaborate
stakh,/staχ/,adj.,close; dense; accurate
stakh sho,/staχ ʃo/,v.,approach
stal,/stal/,nm.,bone
stam,/stam/,nm.,mustache
star,/staʁ/,v.,murder
statz,/staʦ/,nm.,surf
staylud,/ˈstajlud/,v.,tread; step on
ste,/ste/,nf.,bowl
ste,/ste/,pron.,to them (masc)
ste,/ste/,det.,our
stebas,/ˈstebas/,v.,offer; bid
sted,/sted/,v.,extend
stefshi,/ˈstefʃi/,nf.,debt
steg,/steg/,nm.,confidence
stegiv,/ˈstegiv/,adj.,confident
stel,/stel/,v.,state; declare; say
ster,/steʁ/,nm.,wolf
stes,/stes/,nf.,autumn
steshme,/ˈsteʃme/,v.,estimate
stet,/stet/,v.,justify
stetz,/steʦ/,adj.,main
stetzeh,/ˈsteʦeh/,nf.,risk; threat
stetzehiv,/ˈsteʦehiv/,adj.,risky
sti,/sti/,nm.,step (footstep)
sti mam'a,/sti ˈmamʔa/,nf.,footprint
sti',/stiʔ/,nm.,hole; tunnel
sti'il,/ˈstiʔil/,prep.,upon
stile,/ˈstile/,nf.,piano
stim'a,/ˈstimʔa/,nm.,posture (bodily position)
stimtza,/ˈstimʦa/,adj.,precious
stimtza kvoy,/ˈstimʦa kvoj/,nf.,jewel
stimtza kvoy,/ˈstimʦa kvoj/,nm.,gem
stiraf,/ˈstiʁaf/,v.,draw
stirafuv,/ˈstiʁafuv/,nm.,drawing
stis,/stis/,nm.,stay
stishbid,/ˈstiʃbid/,v.,embarrass; humiliate
stiv,/stiv/,nm.,flag
sto,/sto/,nm.,place; point
stoash,/ˈstoaʃ/,v.,place
stof,/stof/,v.,focus; aim; intend
stoh,/stoh/,nm.,spur
stol,/stol/,nm.,flour
stom,/stom/,nm.,canal; channel (of water)
ston,/ston/,nf.,town; city
stoti,/ˈstoti/,nm.,diameter
stov,/stov/,v.,paralyze
stov,/stov/,pron.,she; it (fem)
stoy,/stoj/,nm.,mail
stu,/stu/,prep.,over
stud,/stud/,nf.,impulse
stuf,/stuf/,nm.,fiber
stufshi,/ˈstufʃi/,nm.,vinegar
stukir,/ˈstukiʁ/,nm.,apparatus
stur,/stuʁ/,v.,pinch
stus,/stus/,nm.,cord
stuxet,/ˈstuxet/,nm.,leverage
stuyet,/ˈstujet/,nf.,molecule
stuyi,/ˈstuji/,adj.,rude; crude; nasty
su,/su/,nf.,trip
su',/suʔ/,nf.,lightning
sufshatsi,/ˈsufʃatsi/,nf.,female
sufshot,/ˈsufʃot/,adj.,loud; noisy
sufu,/ˈsufu/,v.,invest
suhof,/ˈsuhof/,nm.,birth
sui,/ˈsui/,nm.,wage; salary
sukh,/suχ/,nm.,moss
suknunkhro,/ˈsuknunχʁo/,adj.,last (only remaining)
sul,/sul/,nf.,chicken; fowl
sule,/ˈsule/,v.,display; expose; show off; advertise; demonstrate
suleh,/ˈsuleh/,nm.,advertisement
sum,/sum/,nf.,excitement
suma,/ˈsuma/,nm.,war
sumak,/ˈsumak/,nm.,warrior
sumash,/ˈsumaʃ/,v.,excite
sunan,/ˈsunan/,adj.,comic
surun,/ˈsuʁun/,nm.,match (for fire)
sus,/sus/,adj.,hungry
sush,/suʃ/,adj.,bad
sushtir,/ˈsuʃtiʁ/,v.,wrap; fold
susin,/ˈsusin/,nm.,hunger
sut,/sut/,nm.,puddle
suy,/suj/,nm.,lace
ta,/ta/,v.,can
ta,/ta/,pron.,his; its (masc)
ta',/taʔ/,nm.,pin
tabud,/ˈtabud/,nf.,cement
tad,/tad/,nm.,beard; mane
tada,/ˈtada/,nf.,hoof
tah,/tah/,nf.,shape; state (condition)
taham,/ˈtaham/,v.,cling
takh,/taχ/,v.,publish
takhtam,/ˈtaχtam/,nm.,riot
takhtu,/ˈtaχtu/,nm.,trial
tal,/tal/,nm.,fungus; mold
tam,/tam/,nm.,nut
tamhomnan,/ˈtamhomnan/,adj.,complicated; complex
tamhomnanit,/ˈtamhomˌnanit/,v.,complicate
tane,/ˈtane/,num.,zero
tankhrukh,/ˈtanχʁuχ/,nm.,pornography
tao,/ˈtao/,v.,crash; collide
tar,/taʁ/,conj.,and
tarba,/ˈtaʁba/,nf.,saliva
tas,/tas/,nm.,dog
tasem,/ˈtasem/,nm.,case; event (occurrence); incident
tashbol,/ˈtaʃbol/,nm.,chief; boss
tashme',/ˈtaʃmeʔ/,nf.,shrine
tashpile,/ˈtaʃpile/,nm.,citizen
tashtef,/ˈtaʃtef/,adj.,passive
tasi,/ˈtasi/,nf.,puppy
tat,/tat/,v.,raise
tatz,/taʦ/,nm.,lion
taum,/ˈtaum/,nm.,referendum
tayfig,/ˈtajfig/,adj.,polite
te,/te/,det.,each
te',/teʔ/,adj.,permanent
tekhta',/ˈteχtaʔ/,nm.,truth
tekhta'iv,/ˈteχtaʔiv/,adj.,true
tekhti,/ˈteχti/,v.,follow
tel,/tel/,nf.,thigh
tem,/tem/,adj.,quiet; calm; patient; silent; shy; gentle
tem lat,/tem lat/,nm.,peace
temam,/ˈtemam/,nm.,cartoon
temin,/ˈtemin/,nm.,silence
tene,/ˈtene/,nf.,tuna
tes,/tes/,v.,mock; imitate
tesh,/teʃ/,v.,lend; loan
tet,/tet/,adj.,sudden; abrupt
tete,/ˈtete/,adv.,suddenly
teushme,/ˈteuʃme/,v.,celebrate
teve,/ˈteve/,v.,deal; haggle; negotiate
tevek,/ˈtevek/,nm.,dealer
tex̂erba,/ˈteʕeʁba/,nm.,carpet
tex̂im,/ˈteʕim/,nf.,ash
ti,/ti/,v.,walk
tigatat,/ˈtigatat/,v.,praise; endorse
tih,/tih/,nm.,bean
tikh,/tiχ/,nm.,noon; midday
tilma,/ˈtilma/,nf.,knife
tilmai,/ˈtilmai/,nm.,sword
tim,/tim/,v.,drain; divert
timhu,/ˈtimhu/,nf.,weight
timhuash,/ˈtimhuaʃ/,v.,weigh
timku,/ˈtimku/,adj.,vibrant
timuv,/ˈtimuv/,nm.,sewer
tin,/tin/,nm.,olive
tipom,/ˈtipom/,nm.,crisis; catastrophe
tir,/tiʁ/,nm.,charcoal
tis,/tis/,v.,monitor; follow
tisav,/ˈtisav/,adv.,also; as well
tishe,/ˈtiʃe/,nf.,critique
tisheash,/ˈtiʃeaʃ/,v.,criticize
tisheashe,/ˈtiʃeˌaʃe/,adj.,critical
tishud,/ˈtiʃud/,v.,copy; imitate
titz,/tiʦ/,nm.,tent; camp; shack
tix̂e,/ˈtiʕe/,nm.,frenzy
tma,/tma/,num.,two
tmad,/tmad/,nf.,sun
tmaf,/tmaf/,nf.,size; capacity
tmag,/tmag/,v.,wish; beg
tmaga,/ˈtmaga/,v.,wave (salutation)
tmagmi,/ˈtmagmi/,nf.,experiment
tmak,/tmak/,nm.,goal (objective); destination
tmakh,/tmaχ/,v.,fight; attack; assault
tmakh,/tmaχ/,nm.,fight
tmakher,/ˈtmaχeʁ/,v.,hide
tmakho,/ˈtmaχo/,nf.,anchor
tmal,/tmal/,v.,pant
tman,/tman/,nf.,danger; hazard; threat
tmani,/ˈtmani/,nm.,loser
tmaniv,/ˈtmaniv/,adj.,dangerous
tmar,/tmaʁ/,v.,pronounce
tmash,/tmaʃ/,nf.,purpose
tmat,/tmat/,pron.,anything
tmatz,/tmaʦ/,nf.,absence
tmatziv,/ˈtmaʦiv/,adj.,absent
tmay,/tmaj/,nm.,basket
tme,/tme/,nf.,couple; pair
tmef,/tmef/,nf.,pepper
tmegma,/ˈtmegma/,nf.,ghost; spirit; demon
tmek,/tmek/,v.,take apart; dismantle
tmel,/tmel/,nm.,illusion
tmelakh,/ˈtmelaχ/,v.,bounce
tmele,/ˈtmele/,nf.,cloth
tmelo,/ˈtmelo/,nm.,currency
tmem,/tmem/,nm.,roster
tmepam,/ˈtmepam/,conj.,when; while
tmer,/tmeʁ/,nf.,pedal
tmeshma,/ˈtmeʃma/,nf.,magnet
tmeshtat,/ˈtmeʃtat/,nm.,skin; crust
tmesi,/ˈtmesi/,nf.,cuff
tmet,/tmet/,nf.,mat; rug
tmi,/tmi/,nm.,hour
tmif,/tmif/,nm.,sky
tmih,/tmih/,nm.,bat (winged mammal)
tmihat,/ˈtmihat/,nf.,revenge
tmikh,/tmiχ/,nm.,metal
tmikh bilar,/tmiχ ˈbilaʁ/,nm.,wire
tmikh inu,/tmiχ ˈinu/,nm.,foil
tmikha,/ˈtmiχa/,nm.,appetite
tmil,/tmil/,v.,exercise; practice
tmim,/tmim/,nm.,jam
tmin,/tmin/,v.,curse
tmish,/tmiʃ/,v.,look out; watch out
tmit,/tmit/,v.,print
tmitzet,/ˈtmiʦet/,nf.,acid
tmitzo,/ˈtmiʦo/,nm.,slice; flake
tmo',/tmoʔ/,adj.,single
tmof,/tmof/,v.,chase
tmokh,/tmoχ/,nm.,phone
tmol,/tmol/,adv.,up
tmol,/tmol/,prep.,up
tmor,/tmoʁ/,v.,smell (sense with nose)
tmos,/tmos/,pron.,everybody
tmosh,/tmoʃ/,nf.,potion; elixir
tmu,/tmu/,v.,agree; admit; affirm; compromise
tmud,/tmud/,nf.,shower
tmudi,/ˈtmudi/,v.,punch
tmue,/ˈtmue/,adj.,keen
tmugmel,/ˈtmugmel/,v.,break; snap; interrupt
tmugmelek,/ˈtmugmelek/,adj.,broken
tmuh,/tmuh/,nm.,agreement
tmukh,/tmuχ/,nm.,literature
tmul,/tmul/,v.,perceive
tmule,/ˈtmule/,nm.,pile; heap
tmulih,/ˈtmulih/,nm.,perception
tmum,/tmum/,adj.,wild
tmur,/tmuʁ/,v.,clear
tmuru,/ˈtmuʁu/,adj.,necessary
tmus,/tmus/,nf.,outline
tmuyli,/ˈtmujli/,v.,suspect
tmuyliek,/ˈtmujliek/,adj.,suspicious
to,/to/,v.,leave (let remain); desert
to,/to/,pron.,you all
to',/toʔ/,nf.,oil; grease
tod,/tod/,adj.,heavy
todo,/ˈtodo/,nm.,cavity; void
tof,/tof/,nm.,liquid
tog,/tog/,v.,violate; assault
toh,/toh/,nm.,effort
tokh,/toχ/,adj.,acute
tor,/toʁ/,v.,multiply; reproduce
tos,/tos/,nm.,cheese
toxa,/ˈtoxa/,nm.,heel
tozush,/ˈtozuʃ/,nf.,memento
tu,/tu/,det.,many
tubesh,/ˈtubeʃ/,nm.,trousers; pants
tud,/tud/,nm.,bracelet
tuf,/tuf/,nf.,row
tuk,/tuk/,nf.,circus
tukh,/tuχ/,v.,care
tukh,/tuχ/,nm.,care
tukhe,/ˈtuχe/,adj.,careful
tukrem,/ˈtukʁem/,nm.,chart
tulo,/ˈtulo/,nf.,vagina
tum,/tum/,v.,bake
tum'iy,/ˈtumʔij/,v.,scatter
tun,/tun/,nf.,wave (ocean)
tur,/tuʁ/,nf.,bass
tus,/tus/,nm.,committee
tush,/tuʃ/,nf.,discount
tushlov,/ˈtuʃlov/,nm.,sketch
tuskho,/ˈtusχo/,v.,wiggle
tut,/tut/,nm.,pedestrian
tuy,/tuj/,adj.,cheap
tza,/ʦa/,num.,three
tzad,/ʦad/,nm.,security
tzadag,/ˈʦadag/,adj.,deep
tzagmi,/ˈʦagmi/,nm.,seizure
tzagmoru,/ˈʦagmoʁu/,v.,relax
tzaha,/ˈʦaha/,adj.,early
tzahi,/ˈʦahi/,nm.,crumb
tzak,/ʦak/,adj.,dumb (speechless)
tzakh,/ʦaχ/,adj.,little
tzal,/ʦal/,adj.,yellow; orange; brown
tzal shemro',/ʦal ˈʃemʁoʔ/,nm.,carrot
tzal tas,/ʦal tas/,nm.,fox
tzam'u,/ˈʦamʔu/,v.,forge; mold
tzamhe,/ˈʦamhe/,nm.,parcel; package; bundle
tzamna,/ˈʦamna/,v.,shoot; propel; fire (detonate weapon)
tzamtzo,/ˈʦamʦo/,nf.,drain
tzan,/ʦan/,nm.,building; architecture
tzane,/ˈʦane/,v.,bury; embed
tzapa,/ˈʦapa/,v.,distract
tzar,/ʦaʁ/,v.,apply
tzas,/ʦas/,nm.,crew; gang
tzash,/ʦaʃ/,nf.,mural
tzat,/ʦat/,nf.,poem; lyrics
tzatak,/ˈʦatak/,nf.,poet
tzatz,/ʦaʦ/,nm.,electricity
tzavem'ik,/ˈʦavemʔik/,nf.,rat
tzay,/ʦaj/,nm.,basement; cellar
tzazo,/ˈʦazo/,nf.,protagonist
tze,/ʦe/,adv.,never
tze',/ʦeʔ/,v.,sniff
tze'oba,/ˈʦeʔoba/,nm.,fence; barrier; hurdle
tzed,/ʦed/,nf.,apology
tzedoye,/ˈʦedoje/,nf.,menu
tzef,/ʦef/,v.,replicate
tzeitzin,/ˈʦeiʦin/,nm.,sense
tzekh,/ʦeχ/,nf.,axe
tzekhu,/ˈʦeχu/,v.,delay
tzel,/ʦel/,v.,moan; sigh
tzeloyik,/ˈʦelojik/,nf.,justice; tribunal
tzeloyikak,/ˈʦeloˌjikak/,nf.,judge
tzem,/ʦem/,nf.,dove
tzen,/ʦen/,nm.,interview
tzer,/ʦeʁ/,v.,swallow
tzeshbirur,/ˈʦeʃbiʁuʁ/,v.,envision
tzet,/ʦet/,nm.,leisure; recreation
tzev,/ʦev/,nm.,feather; pen
tzev,/ʦev/,pron.,hers; its (fem)
tzi,/ʦi/,nf.,test
tzia,/ˈʦia/,v.,marinate
tzif,/ʦif/,v.,execute
tzikh,/ʦiχ/,nm.,cushion
tzikhikri,/ˈʦiχikʁi/,adv.,still
tzilum,/ˈʦilum/,nf.,museum
tzimke,/ˈʦimke/,nm.,creek
tzin,/ʦin/,v.,bring; lead; deliver; direct; conduct
tzini,/ˈʦini/,adj.,consistent; compatible
tzir,/ʦiʁ/,v.,import
tzish,/ʦiʃ/,v.,distort
tzo,/ʦo/,prep.,for (the purpose of)
tzoatz,/ˈʦoaʦ/,v.,bump
tzok,/ʦok/,v.,hang out
tzokh,/ʦoχ/,nm.,atmosphere
tzol,/ʦol/,nm.,vulture
tzole,/ˈʦole/,nm.,eclipse
tzolo,/ˈʦolo/,pron.,everything
tzom,/ʦom/,nm.,toilet
tzomku,/ˈʦomku/,nm.,acquaintance
tzomu,/ˈʦomu/,v.,appeal
tzon,/ʦon/,v.,shuffle
tzonuv,/ˈʦonuv/,v.,intervene
tzonuvih,/ˈʦonuvih/,nm.,intervention
tzorba,/ˈʦoʁba/,v.,dig; scoop
tzos,/ʦos/,nf.,roof; ceiling
tzosh,/ʦoʃ/,v.,transcend
tzotsa,/ˈʦotsa/,nf.,plug
tzotz,/ʦoʦ/,v.,push; shove; grow; propel
tzoy,/ʦoj/,nm.,bureaucrat
tzozdi,/ˈʦozdi/,v.,hike
tzu,/ʦu/,prep.,under; below
tzu',/ʦuʔ/,v.,roam; wander; migrate
tzugutz,/ˈʦuguʦ/,nf.,parliament
tzukhush,/ˈʦuχuʃ/,nf.,overdose
tzul,/ʦul/,nf.,saint
tzumtzun,/ˈʦumʦun/,v.,knock
tzun,/ʦun/,v.,repeat
tzunih,/ˈʦunih/,nm.,repetition
tzut,/ʦut/,nf.,bee
tzutsir,/ˈʦutsiʁ/,v.,escort
tzutz,/ʦuʦ/,nf.,sentence
tzuv,/ʦuv/,adj.,appropriate
tzuve,/ˈʦuve/,nf.,torso
tzuy,/ʦuj/,num.,second
u,/u/,nm.,world; sphere
u',/uʔ/,nm.,average
u'a,/ˈuʔa/,v.,inherit
ubu,/ˈubu/,adv.,aboard
ue,/ˈue/,nm.,fuel
ug,/ug/,pron.,everyone
ugme,/ˈugme/,nm.,awe
uh,/uh/,adv.,often
uhu,/ˈuhu/,adj.,classic
ukh,/uχ/,nf.,total
ukhi,/ˈuχi/,nf.,detail
ukhin,/ˈuχin/,v.,study; learn
ukhinih,/ˈuχinih/,nm.,study
umil,/ˈumil/,v.,stare
umni,/ˈumni/,nf.,alarm; siren
umro',/ˈumʁoʔ/,nm.,compassion; empathy; sympathy
umus,/ˈumus/,nm.,dirt; pornography
umusiv,/ˈumusiv/,adj.,dirty
un,/un/,v.,become (begin to be); become (change into)
upatz,/ˈupaʦ/,nf.,saddle
ur,/uʁ/,adv.,there
ura,/ˈuʁa/,nm.,glacier
uri,/ˈuʁi/,nm.,laundry
us,/us/,nf.,hood
ush,/uʃ/,v.,stack
ushler,/ˈuʃleʁ/,nm.,gauge
usho,/ˈuʃo/,nm.,hub (center of activity)
ushuy,/ˈuʃuj/,interj.,okay
uskha,/ˈusχa/,nm.,archipelago
utza,/ˈuʦa/,nf.,velocity
utzive,/ˈuʦive/,v.,fire (from job); discharge
uv,/uv/,pron.,they (fem)
ux̂a,/ˈuʕa/,nm.,cabbage
uxeg,/ˈuxeg/,nf.,dynamics
uy,/uj/,nm.,store; shop; business
uyfah,/ˈujfah/,nm.,opening
uyfahash,/ˈujfahaʃ/,v.,open
uylona,/ˈujlona/,nm.,dress; skirt
uzuk,/ˈuzuk/,adj.,left
var,/vaʁ/,nf.,outpost; keep
ya,/ja/,prep.,about; concerning; regarding
ya'itz,/ˈjaʔiʦ/,nm.,noise
yad,/jad/,adj.,full
yada,/ˈjada/,det.,enough
yadu,/ˈjadu/,nm.,bureaucracy
yaf,/jaf/,nm.,stable
yah,/jah/,nm.,fork
yak,/jak/,v.,stop; halt
yakhe,/ˈjaχe/,v.,migrate
yal,/jal/,adj.,conscious
yala,/ˈjala/,nm.,citadel
yalek,/ˈjalek/,v.,turn on
yam,/jam/,nm.,word; name; title; phrase
yam,/jam/,v.,name
yamad,/ˈjamad/,nf.,dictionary
yan,/jan/,nm.,shame; stigma
yanal,/ˈjanal/,v.,infect
yanaluv,/ˈjanaluv/,nf.,infection
yaos,/ˈjaos/,nm.,pub; bar (pub)
yar,/jaʁ/,nm.,lump; knot
yaro,/ˈjaʁo/,v.,wind; weave
yashlug,/ˈjaʃlug/,v.,send; transfer
yashme,/ˈjaʃme/,v.,evacuate
yatz,/jaʦ/,v.,earn
yav,/jav/,nf.,accent (of language)
yava,/ˈjava/,nm.,sausage
yavikh,/ˈjaviχ/,v.,consider
yay,/jaj/,v.,roar
ye,/je/,v.,shift; vary
ye',/jeʔ/,nm.,crystal; prism
yed,/jed/,nm.,champion
yef,/jef/,v.,exclude
yeh,/jeh/,nm.,needle
yel,/jel/,adv.,already
yemush,/ˈjemuʃ/,v.,surround
yen,/jen/,nm.,culture; fashion; tradition
yeniv,/ˈjeniv/,adj.,fashionable
yenoti,/ˈjenoti/,adj.,cultural
yer,/jeʁ/,nm.,reception (of office or hotel)
yesh,/jeʃ/,adj.,aware
yeshbo,/ˈjeʃbo/,nf.,effect
yeshtan,/ˈjeʃtan/,nf.,trend
yet,/jet/,adj.,sour; bitter
yetom,/ˈjetom/,nf.,spring (coil)
yetsi,/ˈjetsi/,nm.,bump
yi,/ji/,v.,must; have to
yi',/jiʔ/,v.,remark
yibatsig,/ˈjibatsig/,nm.,lawn
yid,/jid/,nm.,penis
yig,/jig/,nf.,character; persona
yigin,/ˈjigin/,nm.,characteristic
yih,/jih/,adv.,far; away
yik,/jik/,adj.,certain; sure
yike,/ˈjike/,adv.,certainly
yikh,/jiχ/,v.,snatch; yank
yikhaf,/ˈjiχaf/,nf.,water
yikhti,/ˈjiχti/,nm.,firearm
yilizal,/ˈjilizal/,v.,fail
yilizalih,/ˈjiliˌzalih/,nf.,failure
yilo,/ˈjilo/,adj.,antique
yim,/jim/,v.,count
yimro,/ˈjimʁo/,nm.,salt; spice
yin,/jin/,nm.,cauldron; kettle
yinuf,/ˈjinuf/,nm.,location
yir,/jiʁ/,v.,starve
yis,/jis/,nm.,platform
yishla,/ˈjiʃla/,v.,imagine; assume
yitz,/jiʦ/,nm.,gravity
yiv,/jiv/,nm.,perfume
yix̂u,/ˈjiʕu/,nf.,tattoo
yiy,/jij/,nm.,court (of law); tribunal
yiyekhuv,/ˈjijeχuv/,nm.,asteroid; comet
yo,/jo/,adj.,thin (narrow); narrow
yo',/joʔ/,adv.,now
yod,/jod/,v.,be (temporary state); be (located)
yof,/jof/,nm.,credit (recognition)
yok,/jok/,nm.,weather
yokh,/joχ/,nf.,landlord
yokho,/ˈjoχo/,v.,release; let go; let out; excuse
yol,/jol/,v.,return; go back; replace
yol,/jol/,nm.,return
yom,/jom/,adv.,that
yomarbi,/ˈjomaʁbi/,nm.,slope; slant
yome,/ˈjome/,nm.,number; statistic
yomtzu,/ˈjomʦu/,v.,inflict
yon,/jon/,nf.,reptile
yoshbad,/ˈjoʃbad/,v.,insure; assure; guarantee; secure; vow
yoshtu,/ˈjoʃtu/,adj.,blonde
yot,/jot/,v.,encounter
yoyfe,/ˈjojfe/,nf.,destiny; fate
yug,/jug/,nf.,university; academy
yuk,/juk/,adj.,successful
yukh,/juχ/,prep.,versus
yukhimur,/ˈjuχimuʁ/,nm.,paragraph; clause; verse; poem
yukin,/ˈjukin/,nm.,success
yul,/jul/,adj.,smart; intelligent; clever
yum,/jum/,nm.,porch; veranda
yumkad,/ˈjumkad/,v.,detain; restrain
yumkaduv,/ˈjumkaduv/,nf.,detention
yumkeda,/ˈjumkeda/,v.,shock; startle; stun; surprise
yumrit,/ˈjumʁit/,nf.,proverb
yush,/juʃ/,nf.,warrant
yut,/jut/,v.,hope; wish
yut,/jut/,nm.,hope
yuv,/juv/,nm.,ginger
za,/za/,prep.,at
za',/zaʔ/,prep.,for (a period of time or length of distance)
zad,/zad/,adj.,young
zadek,/ˈzadek/,nf.,thumb
zadih,/ˈzadih/,v.,glide; slide; slip; skid; skate
zadin,/ˈzadin/,nm.,youth
zaf,/zaf/,nm.,trench
zaga,/ˈzaga/,nf.,limb
zah,/zah/,v.,resemble
zahe,/ˈzahe/,v.,collect; congregate; compile
zai,/ˈzai/,nf.,tongue; language; dialect
zakh,/zaχ/,nm.,student
zakhna,/ˈzaχna/,nm.,criteria
zal,/zal/,v.,finish
zal,/zal/,nf.,end
zalek,/ˈzalek/,adj.,final
zaleke,/ˈzaleke/,adv.,finally
zam,/zam/,nf.,reward; prize; medal; award; trophy
zamnehe,/ˈzamnehe/,nf.,heaven; paradise
zamu,/ˈzamu/,v.,confuse
zan,/zan/,interj.,hello; goodbye
zar,/zaʁ/,v.,teach; instruct; educate
zarak,/ˈzaʁak/,nm.,teacher
zas,/zas/,nm.,hill; slope; slant
zash,/zaʃ/,nf.,race (ethnicity); ethnicity
zashe,/ˈzaʃe/,v.,shake; tremble; shudder; shiver
zashpir,/ˈzaʃpiʁ/,v.,capture; seize
zatz,/zaʦ/,nf.,robe; gown
zav,/zav/,nm.,meat; flesh; fish
zay,/zaj/,v.,look; read; study
zayuyag,/ˈzajujag/,nm.,sewage
zaza,/ˈzaza/,v.,notify; inform
ze,/ze/,v.,keep (save; retain); guard
ze',/zeʔ/,v.,long (want for)
zef,/zef/,nf.,disease; virus
zek,/zek/,v.,shave; trim; graze (touch)
zek bifum,/zek ˈbifum/,nf.,razor
zekh,/zeχ/,v.,stumble; slip; limp
zekhte,/ˈzeχte/,adj.,subtle
zekhtein,/ˈzeχtein/,nm.,subtlety
zel,/zel/,v.,turn; wind; twist; revolve
zelashbe,/ˈzelaʃbe/,nf.,prostitute; whore
zem,/zem/,v.,commute
zemhar,/ˈzemhaʁ/,v.,growl
zen,/zen/,nm.,pain; agony
zeniv,/ˈzeniv/,adj.,painful
zer,/zeʁ/,nm.,exhibit
zerba',/ˈzeʁbaʔ/,nf.,score
zet,/zet/,v.,illuminate
zetz,/zeʦ/,nm.,terror
zi,/zi/,conj.,or; either
zi'o,/ˈziʔo/,nm.,equipment
zidagi,/ˈzidagi/,nm.,elf
zig,/zig/,v.,fly
zih,/zih/,nf.,spy
zik,/zik/,adj.,exotic
zil,/zil/,v.,search; look up; explore; seek
zim,/zim/,adv.,least
zin,/zin/,nm.,courtesy
zir,/ziʁ/,nm.,magazine
zirankhrem,/ˈziʁanχʁem/,nf.,angel
zirash,/ˈziʁaʃ/,v.,breathe
zish,/ziʃ/,nf.,web
ziskhuzdi,/ˈzisχuzdi/,nm.,deputy
zitsu,/ˈzitsu/,adj.,perfect
zitsuin,/ˈzitsuin/,nf.,perfection
zix̂a,/ˈziʕa/,adj.,holy; sacred
ziy,/zij/,v.,attend; show up
ziyan,/ˈzijan/,v.,pause; halt
zizu,/ˈzizu/,v.,hurt; injure; harm
zma,/zma/,prep.,from
zma,/zma/,pron.,them (fem)
zma',/zmaʔ/,adv.,sometimes
zmago,/ˈzmago/,nm.,mask; veil
zmakh,/zmaχ/,v.,enrich
zmaknu,/ˈzmaknu/,v.,sweat
zmame,/ˈzmame/,nf.,distance; range; extent
zmameiv,/ˈzmameiv/,adj.,distant
zmamhut,/ˈzmamhut/,nf.,scale (instrument for weighing)
zman,/zman/,v.,trade
zmanak,/ˈzmanak/,nf.,trader
zmas,/zmas/,nm.,arsenal
zmasheg,/ˈzmaʃeg/,v.,melt; dissolve
zmasu,/ˈzmasu/,nm.,quality; essence
zmaval,/ˈzmaval/,v.,qualify
zmavom,/ˈzmavom/,v.,inquire
zmayi,/ˈzmaji/,nf.,lamb
zmayum,/ˈzmajum/,nm.,science
zmayumak,/ˈzmajumak/,nm.,scientist
zmazi,/ˈzmazi/,nm.,jar
zme,/zme/,v.,spit
zme,/zme/,pron.,he; it (masc)
zmed,/zmed/,v.,flirt
zmede,/ˈzmede/,adj.,flirtatious
zmef,/zmef/,nf.,hatch
zmei,/ˈzmei/,nm.,blanket
zmekh,/zmeχ/,prep.,in; within
zmekha,/ˈzmeχa/,nm.,tailor
zmel,/zmel/,v.,drown
zmelov,/ˈzmelov/,nf.,venom
zmelud,/ˈzmelud/,nm.,poison
zmem,/zmem/,nf.,cousin
zmen,/zmen/,v.,enhance
zmesh,/zmeʃ/,v.,skip; skim
zmeshpat,/ˈzmeʃpat/,nf.,source; well; fountain; oasis
zmevu,/ˈzmevu/,v.,substitute
zmi,/zmi/,v.,read
zmibish,/ˈzmibiʃ/,nm.,lust
zmibu,/ˈzmibu/,v.,postpone
zmid,/zmid/,num.,thousand
zmig,/zmig/,adj.,internal; interior
zmigin,/ˈzmigin/,nf.,interior
zmik,/zmik/,nm.,beach
zmikh,/zmiχ/,adj.,hot
zmikhin,/ˈzmiχin/,nf.,heat
zmil,/zmil/,nf.,vegetable
zmilah,/ˈzmilah/,nm.,grocer
zmim,/zmim/,nf.,grass; pasture; hay
zmin,/zmin/,v.,drive; steer
zminak,/ˈzminak/,nf.,driver
zmir,/zmiʁ/,v.,give; present; provide; cater; contribute
zmish,/zmiʃ/,conj.,since
zmishe,/ˈzmiʃe/,nf.,civilian
zmit,/zmit/,nm.,switch
zmiyum,/ˈzmijum/,nm.,pearl
zmo,/zmo/,adj.,even; equal; smooth; equivalent
zmobar,/ˈzmobaʁ/,nf.,foliage
zmod,/zmod/,nm.,novice; rookie
zmofo,/ˈzmofo/,adj.,sick; ill; unwell
zmofoin,/ˈzmofoin/,nm.,sickness
zmofshel,/ˈzmofʃel/,adj.,spontaneous
zmoh,/zmoh/,nm.,darling
zmokhamro,/ˈzmoχamʁo/,nm.,greed
zmokhamroiv,/ˈzmoχamˌʁoiv/,adj.,greedy
zmom,/zmom/,v.,evolve
zmon,/zmon/,nm.,adult
zmor,/zmoʁ/,nf.,vest
zmosak,/ˈzmosak/,nf.,cream
zmot,/zmot/,nm.,ant
zmov,/zmov/,nf.,luxury
zmu,/zmu/,adj.,right (direction)
zmudes,/ˈzmudes/,nf.,region; territory; suburb
zmukh,/zmuχ/,nf.,year
zmul,/zmul/,nm.,idiot; fool
zmum,/zmum/,pron.,none
zmun,/zmun/,nf.,load
zmur,/zmuʁ/,adj.,special; unique
zmure,/ˈzmuʁe/,adv.,especially
zmush,/zmuʃ/,v.,investigate; inspect; probe
zmushbe,/ˈzmuʃbe/,v.,feel (perceive; sense); feel (sense by touch)
zmushbeh,/ˈzmuʃbeh/,nm.,feeling
zmushe,/ˈzmuʃe/,adj.,external
zmuy,/zmuj/,adj.,past
zmuyov,/ˈzmujov/,nm.,insurgent
zo',/zoʔ/,nm.,illness
zod,/zod/,v.,waste
zog,/zog/,nm.,hut
zok,/zok/,prep.,along
zole,/ˈzole/,v.,vibrate
zorakh,/ˈzoʁaχ/,nm.,sequence; order; hierarchy
zorakh,/ˈzoʁaχ/,v.,order
zov,/zov/,nf.,granite
zovkhakh,/ˈzovχaχ/,v.,merge; incorporate
zox̂a,/ˈzoʕa/,nf.,afternoon
zoy,/zoj/,adj.,wide; broad
zoyfala,/ˈzojfala/,nf.,cave; tomb; grave
zoyfalaah,/ˈzojfaˌlaah/,nf.,graveyard
zoyin,/ˈzojin/,nm.,width
zu,/zu/,nm.,state (condition); condition (state)
zud,/zud/,v.,diagnose
zufun,/ˈzufun/,nf.,jelly
zug,/zug/,nm.,harbor
zuh,/zuh/,nf.,friction
zuk,/zuk/,v.,live; exist
zuk,/zuk/,nf.,life (living organism)
zukh,/zuχ/,v.,swing; dangle
zukhni,/ˈzuχni/,adj.,benign
zukhniy,/ˈzuχnij/,nf.,cherry
zukho,/ˈzuχo/,nf.,ambition
zukih,/ˈzukih/,nm.,existence
zum,/zum/,nf.,market
zur,/zuʁ/,nm.,day; date; light
zurbu,/ˈzuʁbu/,nm.,bell
zus,/zus/,nm.,nutrition